Name	Depth[m]	T_down [C]	l_horiz [m]	LCOH [cEURO/kWh]	link
S.PIETRO_AL_NATISONE_001	1397.0	1.2582678562940084	12942.605940638325	-5.116181002534329	http://www.videpi.com/videpi/pozzi/dettaglio.asp?cod=5707
CAPO_NEGRO_001	2130.0	0.0008143795983040162	12090.365551119086	-3.0146465607862245	http://www.videpi.com/videpi/pozzi/dettaglio.asp?cod=1210
BERNADIA_001	2570.0	1.0636750111485742	11775.902847944395	-2.674324712233994	http://www.videpi.com/videpi/pozzi/dettaglio.asp?cod=764
CASTELLUZZO_002	3690.0	1.3560735908308317	11183.02141656597	-1.9171554891033147	http://www.videpi.com/videpi/pozzi/dettaglio.asp?cod=1362
SUVIANA_001	7810.0	237.25386677414593	1053.262922397251	0.03010799814760916	http://www.videpi.com/videpi/pozzi/dettaglio.asp?cod=6310
S.BARTOLOMEO_004	7104.0	204.08272544137193	1060.5462165249357	0.03560187282054978	http://www.videpi.com/videpi/pozzi/dettaglio.asp?cod=5518
BRIGNANO_002	6947.0	195.72192793610532	1062.4653811208118	0.03734873564558077	http://www.videpi.com/videpi/pozzi/dettaglio.asp?cod=918
SETTIMO_MILANESE_001	6620.0	193.59777008738814	1064.790809191192	0.03742502341990721	http://www.videpi.com/videpi/pozzi/dettaglio.asp?cod=6173
MALOSSA_002	6471.0	189.0335325871491	1066.3814830126016	0.038364290183843755	http://www.videpi.com/videpi/pozzi/dettaglio.asp?cod=3454
BRIGNANO_001	6503.0	188.91272548864413	1066.175901060985	0.03844252284182049	http://www.videpi.com/videpi/pozzi/dettaglio.asp?cod=917
S.GENESIO_001	6150.0	182.7366816158193	1069.5547589622731	0.03955507946320126	http://www.videpi.com/videpi/pozzi/dettaglio.asp?cod=5577
MALOSSA_003	6173.0	180.09353948625022	1069.7304258373688	0.040335621065059744	http://www.videpi.com/videpi/pozzi/dettaglio.asp?cod=3455
MALOSSA_004	6197.0	179.40228010082416	1069.6366396150013	0.040574756328485215	http://www.videpi.com/videpi/pozzi/dettaglio.asp?cod=3456
VALLE_SALIMBENE_001	6011.0	175.32790938547635	1071.65258045208	0.04146478129801318	http://www.videpi.com/videpi/pozzi/dettaglio.asp?cod=6712
MALOSSA_008	5927.0	172.7500623115325	1072.6970662026085	0.042108534132844475	http://www.videpi.com/videpi/pozzi/dettaglio.asp?cod=3459
REA_001_DIR	6257.0	173.12376602054152	1069.9802729473365	0.04259014446847119	http://www.videpi.com/videpi/pozzi/dettaglio.asp?cod=5086
MALOSSA_010	5830.0	169.81239156966203	1073.9275637201376	0.042864235925928536	http://www.videpi.com/videpi/pozzi/dettaglio.asp?cod=3461
S.BARTOLOMEO_002	6145.0	171.24700207644432	1071.0996331547808	0.04299037256218968	http://www.videpi.com/videpi/pozzi/dettaglio.asp?cod=5517
MALOSSA_007	5700.0	165.4850297034315	1075.6810195146466	0.04405369212446004	http://www.videpi.com/videpi/pozzi/dettaglio.asp?cod=3458
MALOSSA_013	5651.0	164.3233725283638	1076.2940802395083	0.04435515025599802	http://www.videpi.com/videpi/pozzi/dettaglio.asp?cod=3464
MALOSSA_012	5621.0	163.43710381142893	1076.6974850980414	0.04460325104455814	http://www.videpi.com/videpi/pozzi/dettaglio.asp?cod=3463
SALI_VERCELLESE_001	5806.0	164.42713115781194	1074.857601144398	0.04463816728986428	http://www.videpi.com/videpi/pozzi/dettaglio.asp?cod=5928
MALOSSA_009	5558.0	161.34092287452143	1077.5874869415018	0.045218260873680124	http://www.videpi.com/videpi/pozzi/dettaglio.asp?cod=3460
MALOSSA_001	5545.0	161.15507470871495	1077.7394773698447	0.0452575539741865	http://www.videpi.com/videpi/pozzi/dettaglio.asp?cod=3453
MALOSSA_015	5497.0	159.60581100692957	1078.42355500525	0.045720640284079045	http://www.videpi.com/videpi/pozzi/dettaglio.asp?cod=3466
MALOSSA_011	5450.0	158.28691861737752	1079.0750826250546	0.04610847525465187	http://www.videpi.com/videpi/pozzi/dettaglio.asp?cod=3462
MALOSSA_014	5421.0	157.4351268110115	1079.486576737	0.0463655059559748	http://www.videpi.com/videpi/pozzi/dettaglio.asp?cod=3465
LEGNARO_001_DIR	4989.0	154.5622961164716	1084.6405766915907	0.04645060431233297	http://www.videpi.com/videpi/pozzi/dettaglio.asp?cod=3255
LAIATICO_001	2070.0	129.02837709085009	1153.8250778746335	0.047540640124099434	http://www.videpi.com/videpi/pozzi/dettaglio.asp?cod=3210
PONTE_DELL'OLIO_001	5325.0	153.667103081053	1080.998590234704	0.04761566575042198	http://www.videpi.com/videpi/pozzi/dettaglio.asp?cod=4585
MONTE_CIVITELLO_001	5600.0	153.0091002320768	1078.2640593423164	0.048555423044656175	http://www.videpi.com/videpi/pozzi/dettaglio.asp?cod=3896
S.DONATO_001	4763.0	147.07124005199026	1088.5540797572273	0.04890938446049624	http://www.videpi.com/videpi/pozzi/dettaglio.asp?cod=5566
MOLINARA_NORD_001	5400.0	149.64138712170106	1080.7242154989942	0.04948735180425918	http://www.videpi.com/videpi/pozzi/dettaglio.asp?cod=3806
BELVEDERE_001	7267.0	159.51101757930044	1064.5267210453412	0.04966008276483352	http://www.videpi.com/videpi/pozzi/dettaglio.asp?cod=755
S.BARTOLOMEO_001	5277.0	147.84406800898142	1082.2916415141215	0.04995371913425246	http://www.videpi.com/videpi/pozzi/dettaglio.asp?cod=5516
LAMA_DEI_CERRI_001	5811.0	148.8098886035472	1076.7437252718914	0.0509262036373959	http://www.videpi.com/videpi/pozzi/dettaglio.asp?cod=3212
MARTINENGO_001	6904.0	153.19327468495314	1067.529046874961	0.05165642473000974	http://www.videpi.com/videpi/pozzi/dettaglio.asp?cod=3525
CHIARI_001	6840.0	151.79965012288346	1068.1143603830321	0.05215695499089907	http://www.videpi.com/videpi/pozzi/dettaglio.asp?cod=1673
PRATOMAGNO_001	4259.0	132.7697723251886	1097.9459104245932	0.05415234203635925	http://www.videpi.com/videpi/pozzi/dettaglio.asp?cod=4851
MALPAGA_001	6704.0	146.18202877514236	1069.6608512788036	0.05460930051557263	http://www.videpi.com/videpi/pozzi/dettaglio.asp?cod=3469
MONTEFREDDO_002	5019.0	135.50100132004928	1086.8121530750932	0.05524989200012596	http://www.videpi.com/videpi/pozzi/dettaglio.asp?cod=3974
CERTALDO_004	2654.0	117.76899870559777	1138.745275179279	0.05597425809074321	http://www.videpi.com/videpi/pozzi/dettaglio.asp?cod=1595
VILLA_DEGNA_001	6907.0	142.9174539984177	1068.5553030032302	0.056970642164767084	http://www.videpi.com/videpi/pozzi/dettaglio.asp?cod=6879
RABBITO_001	4974.0	131.7282662603705	1087.8010502756965	0.05722116318652681	http://www.videpi.com/videpi/pozzi/dettaglio.asp?cod=4891
FERRARA_001	4743.0	129.68479010111412	1091.074375614164	0.05759460206572143	http://www.videpi.com/videpi/pozzi/dettaglio.asp?cod=2555
BRE'_001	5975.0	134.46233801626389	1076.7781848382288	0.05903534216176869	http://www.videpi.com/videpi/pozzi/dettaglio.asp?cod=904
MANFRIA_002	5910.0	133.2008818553602	1077.5011672665714	0.05959631520133809	http://www.videpi.com/videpi/pozzi/dettaglio.asp?cod=3480
LACCHIARELLA_002	5107.0	127.14451945426461	1086.6328697946487	0.0605366733765252	http://www.videpi.com/videpi/pozzi/dettaglio.asp?cod=3206
S.FELE_001	5315.0	128.11618091135466	1084.0968604047262	0.060696604139709245	http://www.videpi.com/videpi/pozzi/dettaglio.asp?cod=5570
SARSINA_001	5772.0	130.43579055859541	1079.0844757289567	0.06087818525159041	http://www.videpi.com/videpi/pozzi/dettaglio.asp?cod=5980
MODIGLIANA_001	5057.0	126.1363411169285	1087.346033776889	0.061004751165356995	http://www.videpi.com/videpi/pozzi/dettaglio.asp?cod=3801
CALTAGIRONE_001	4176.0	120.24718007499618	1100.8625884808775	0.061301691600395725	http://www.videpi.com/videpi/pozzi/dettaglio.asp?cod=1075
PACHINO_004	5003.0	124.94701787591822	1088.1376668400126	0.06158574723617506	http://www.videpi.com/videpi/pozzi/dettaglio.asp?cod=4223
CASTELNOVO_001	6513.0	131.1805568267795	1072.5839695791328	0.06308757452336378	http://www.videpi.com/videpi/pozzi/dettaglio.asp?cod=1365
SETTEFARINE_001	4715.0	120.7074232674084	1092.381485497667	0.06332962085385091	http://www.videpi.com/videpi/pozzi/dettaglio.asp?cod=6167
LADISPOLI_001	1025.0	89.38549053259739	1236.443285489077	0.0635472426939966	http://www.videpi.com/videpi/pozzi/dettaglio.asp?cod=3208
PIZZO_BELLAFONTANA_001	3608.0	113.2399871794722	1112.7957559653219	0.06357452968905192	http://www.videpi.com/videpi/pozzi/dettaglio.asp?cod=4478
MARAGONE_001	4425.0	118.54898332175962	1096.903163903679	0.06359633157911207	http://www.videpi.com/videpi/pozzi/dettaglio.asp?cod=3489
SCICLI_001	4704.0	119.94368112135959	1092.6068768981224	0.06383259695411812	http://www.videpi.com/videpi/pozzi/dettaglio.asp?cod=6003
VOLPEDO_004	5625.0	124.36177577344898	1081.1243201385143	0.06452942714424574	http://www.videpi.com/videpi/pozzi/dettaglio.asp?cod=6951
MONTERAPPOLI_001_DIR	2108.0	98.96911657087269	1166.6649743874455	0.06579560561827508	http://www.videpi.com/videpi/pozzi/dettaglio.asp?cod=4000
TAURASI_001	3476.0	109.2570003850926	1116.233055318598	0.06591216069329575	http://www.videpi.com/videpi/pozzi/dettaglio.asp?cod=6318
PASTONELLO_001	3480.0	109.11910798707112	1116.1480925934216	0.06604291855194358	http://www.videpi.com/videpi/pozzi/dettaglio.asp?cod=4307
MONTELONGO_001	4102.0	112.74107001480263	1102.86282829715	0.06644923685511789	http://www.videpi.com/videpi/pozzi/dettaglio.asp?cod=3985
CESAROLO_001	4332.0	114.18107332337776	1098.778258391947	0.06646381507273169	http://www.videpi.com/videpi/pozzi/dettaglio.asp?cod=1652
TRENNO_001	4500.0	115.19664934071096	1096.0258484402407	0.06648626960991474	http://www.videpi.com/videpi/pozzi/dettaglio.asp?cod=6608
RADICOFANI_001	2011.0	96.82427409427041	1172.4471949894407	0.06688548795946368	http://www.videpi.com/videpi/pozzi/dettaglio.asp?cod=4896
CAMPOBASSO_001	5860.0	122.19678450415864	1079.014914058391	0.06718722678584074	http://www.videpi.com/videpi/pozzi/dettaglio.asp?cod=1099
PANIZZA_001	4903.0	116.59624117694572	1090.181347325507	0.06731305188089191	http://www.videpi.com/videpi/pozzi/dettaglio.asp?cod=4299
CARRUBO_001	3619.0	107.37988914346964	1113.0336260156814	0.06823724432723918	http://www.videpi.com/videpi/pozzi/dettaglio.asp?cod=1244
BAGNOLO_IN_PIANO_002	5733.0	119.93439824338012	1080.439076821247	0.06845992229777824	http://www.videpi.com/videpi/pozzi/dettaglio.asp?cod=460
PIEVE_S.STEFANO_001	4936.0	114.66207183010911	1089.9070202703872	0.0690763945360407	http://www.videpi.com/videpi/pozzi/dettaglio.asp?cod=4417
GALLARE_001	4956.0	114.12268021090101	1089.6907564451024	0.0696391329066527	http://www.videpi.com/videpi/pozzi/dettaglio.asp?cod=2793
VILLAVERLA_001	4235.0	109.71004112516812	1100.7409053414854	0.06967156429297826	http://www.videpi.com/videpi/pozzi/dettaglio.asp?cod=6920
FUSIGNANO_001	5664.0	117.89542829348522	1081.3036448747164	0.06986302620509117	http://www.videpi.com/videpi/pozzi/dettaglio.asp?cod=2722
CELENZA_002	4911.0	113.40346784996997	1090.3320648183367	0.07003405323685397	http://www.videpi.com/videpi/pozzi/dettaglio.asp?cod=1513
S.GREGORIO_MAGNO_001_BIS	5901.0	118.96957751507239	1078.9157315419723	0.07005727150293	http://www.videpi.com/videpi/pozzi/dettaglio.asp?cod=5638
RAVIZZA_001	4700.0	112.09540471251798	1093.31135800438	0.07008119118326987	http://www.videpi.com/videpi/pozzi/dettaglio.asp?cod=5081
RANDAZZO_003	4030.0	107.25330596345682	1104.5756486887788	0.07069528793786661	http://www.videpi.com/videpi/pozzi/dettaglio.asp?cod=4993
RAVIZZA_001_OR_C	4631.0	110.23265303751205	1094.4391790425639	0.0713743267736004	http://www.videpi.com/videpi/pozzi/dettaglio.asp?cod=5084
DICOMANO_001	3178.0	100.20338327219068	1124.5975977016308	0.07192897841628502	http://www.videpi.com/videpi/pozzi/dettaglio.asp?cod=2351
CAMPIDANO_001	1700.0	88.40976768806519	1194.6294784222341	0.07210385307456703	http://www.videpi.com/videpi/pozzi/dettaglio.asp?cod=1095
CONTRADA_TRIGLIA_001	2416.0	94.1883622530901	1152.2174021544183	0.07229400607585267	http://www.videpi.com/videpi/pozzi/dettaglio.asp?cod=1937
MORELLO_001	4739.0	109.7799980905985	1092.9280057491655	0.07238838587128824	http://www.videpi.com/videpi/pozzi/dettaglio.asp?cod=4058
RAVIZZA_001_OR_B	4571.0	108.7612076778004	1095.4252632693856	0.07239846043329588	http://www.videpi.com/videpi/pozzi/dettaglio.asp?cod=5083
VIZZINI_001	5507.0	114.18540120079335	1083.241304290953	0.07240542245169475	http://www.videpi.com/videpi/pozzi/dettaglio.asp?cod=6938
RAVIZZA_001_OR_A	4561.0	108.51596678451514	1095.591110115521	0.07257194939065431	http://www.videpi.com/videpi/pozzi/dettaglio.asp?cod=5082
ORISTANO_001	1852.0	89.08000034621689	1183.9212227464964	0.07278458847932866	http://www.videpi.com/videpi/pozzi/dettaglio.asp?cod=4187
BIDDUSA_002	2007.0	90.0664565771301	1173.9380173878515	0.07311524890724966	http://www.videpi.com/videpi/pozzi/dettaglio.asp?cod=777
CASCINA_NUOVA_001_DIR	3208.0	99.09144689759444	1123.7859741187062	0.07319679543456259	http://www.videpi.com/videpi/pozzi/dettaglio.asp?cod=1279
VALLE_TORTA_001_DIR	3917.0	103.33054198893944	1106.9594145228755	0.07369328972812533	http://www.videpi.com/videpi/pozzi/dettaglio.asp?cod=6713
QUERCIOLA_001	3845.0	102.65048059971613	1108.4337196864935	0.07390436133644704	http://www.videpi.com/videpi/pozzi/dettaglio.asp?cod=4889
URSITTO_001	3820.0	102.3757076650707	1108.95811850451	0.07401535281887944	http://www.videpi.com/videpi/pozzi/dettaglio.asp?cod=6684
CERTALDO_002	1860.0	87.93405839046875	1183.5736824114013	0.07403095177599923	http://www.videpi.com/videpi/pozzi/dettaglio.asp?cod=1593
QUARA_001_DIR	3230.0	98.0110790466025	1123.1982175133815	0.07441962257572818	http://www.videpi.com/videpi/pozzi/dettaglio.asp?cod=4885
MARRARA_001	3500.0	99.78718764965785	1116.184728885067	0.07448770012395471	http://www.videpi.com/videpi/pozzi/dettaglio.asp?cod=3520
FONTEMAGGIORE_002_DIR	3054.0	96.62012842031363	1128.3526253980103	0.07457824119758215	http://www.videpi.com/videpi/pozzi/dettaglio.asp?cod=2624
CASSANO_D'ADDA_001	3487.0	99.39640130265204	1116.5099982199858	0.07479383160821469	http://www.videpi.com/videpi/pozzi/dettaglio.asp?cod=1309
S.GIOVANNI_001	4546.0	105.95498993738715	1095.9773547519856	0.07497435057180375	http://www.videpi.com/videpi/pozzi/dettaglio.asp?cod=5610
PIAZZA_ARMERINA_001	3711.0	100.49932608588739	1111.3357021988645	0.07518498369253145	http://www.videpi.com/videpi/pozzi/dettaglio.asp?cod=4404
MONTE_ACUTO_001	4350.0	104.47482603539065	1099.1338736907182	0.07526413981106904	http://www.videpi.com/videpi/pozzi/dettaglio.asp?cod=3847
BRAEMI_001	4005.0	102.29435180705755	1105.3045200238396	0.07528968487833415	http://www.videpi.com/videpi/pozzi/dettaglio.asp?cod=898
BENEVENTO_SUD_001	4502.0	105.32734269625395	1096.6827823756903	0.07533962868760416	http://www.videpi.com/videpi/pozzi/dettaglio.asp?cod=760
AVANELLA_001	3051.0	95.79542805281699	1128.4528209967507	0.07540282137143924	http://www.videpi.com/videpi/pozzi/dettaglio.asp?cod=435
CERAMI_001	3431.0	97.9275530048281	1117.9215511955588	0.0759167694711923	http://www.videpi.com/videpi/pozzi/dettaglio.asp?cod=1554
SARTIRANA_001	5705.0	111.56886879409225	1081.416442722939	0.07602087316646138	http://www.videpi.com/videpi/pozzi/dettaglio.asp?cod=5981
MONTE_BOSSO_001	3603.0	98.7582553219329	1113.7930996872092	0.07625131985348686	http://www.videpi.com/videpi/pozzi/dettaglio.asp?cod=3864
MODI_001_X	3722.0	99.4376315254733	1111.130271561414	0.07635984370479633	http://www.videpi.com/videpi/pozzi/dettaglio.asp?cod=3798
BAGNOLO_IN_PIANO_001	5151.0	108.08278736518477	1087.7165523754907	0.07642560108170354	http://www.videpi.com/videpi/pozzi/dettaglio.asp?cod=459
PONTE_OLIVO_001	3680.0	99.01882230228682	1112.057721673993	0.07651155374591813	http://www.videpi.com/videpi/pozzi/dettaglio.asp?cod=4600
BONITO_001_DIR	3008.0	94.36594739796139	1129.7909741634724	0.07658866411540563	http://www.videpi.com/videpi/pozzi/dettaglio.asp?cod=849
VIANO_001	3438.0	97.32432466467978	1117.7572833919915	0.07660235192717109	http://www.videpi.com/videpi/pozzi/dettaglio.asp?cod=6850
VALLE_LEPRI_001	3936.0	100.16561387965646	1106.714073608676	0.07705275967313278	http://www.videpi.com/videpi/pozzi/dettaglio.asp?cod=6710
MONTEGIORGIO_001_DIR	4748.0	105.03472114467455	1093.111574662848	0.07717019839245895	http://www.videpi.com/videpi/pozzi/dettaglio.asp?cod=3983
MONTE_FORCUSO_001	1800.0	84.452456388803	1188.154733289309	0.07726325104597176	http://www.videpi.com/videpi/pozzi/dettaglio.asp?cod=3920
MINEO_002	2897.0	92.9351600977437	1133.3891697990425	0.07727992630050083	http://www.videpi.com/videpi/pozzi/dettaglio.asp?cod=3692
BALLAN_001	4305.0	102.15025173545484	1099.991737826875	0.07740148951111558	http://www.videpi.com/videpi/pozzi/dettaglio.asp?cod=475
MONTE_PIETRA_001	3619.0	97.39545133331889	1113.456962032287	0.07782640851245383	http://www.videpi.com/videpi/pozzi/dettaglio.asp?cod=3936
BAGNOLO_IN_PIANO_003	5046.0	106.04964837863349	1089.1355906985357	0.07794198079626256	http://www.videpi.com/videpi/pozzi/dettaglio.asp?cod=461
PONTREMOLI_001	3520.0	96.6206948520615	1115.7703253185023	0.07795716530616932	http://www.videpi.com/videpi/pozzi/dettaglio.asp?cod=4613
ORISTANO_002	1700.0	82.98429711094902	1195.8507920608763	0.07797022771447515	http://www.videpi.com/videpi/pozzi/dettaglio.asp?cod=4188
ANGELO_001	4326.0	101.51663062205327	1099.674394632104	0.07822858434914058	http://www.videpi.com/videpi/pozzi/dettaglio.asp?cod=274
MONTE_FORCUSO_002	1690.0	82.32454791857279	1196.7133927380794	0.07864331758436184	http://www.videpi.com/videpi/pozzi/dettaglio.asp?cod=3921
COZZO_SCALIA_001	3250.0	94.04050454632414	1122.6845505865153	0.07880008258626439	http://www.videpi.com/videpi/pozzi/dettaglio.asp?cod=2209
SPADA_001	4280.0	100.60140194066759	1100.4778945155085	0.07892881781966211	http://www.videpi.com/videpi/pozzi/dettaglio.asp?cod=6225
MAGENTA_001_DIR	3498.0	95.59386739619757	1116.306937088955	0.07893758567382238	http://www.videpi.com/videpi/pozzi/dettaglio.asp?cod=3425
PRELERNA_001	3457.0	95.30043051204012	1117.306431304037	0.07895986326538995	http://www.videpi.com/videpi/pozzi/dettaglio.asp?cod=4852
CASTELPAGANO_002_DIR	4226.0	100.12083164195121	1101.412280029096	0.07909430437389227	http://www.videpi.com/videpi/pozzi/dettaglio.asp?cod=1367
ERACLEA_SICILIA_001	2019.0	84.31463772605548	1173.3374232435117	0.07950950266602548	http://www.videpi.com/videpi/pozzi/dettaglio.asp?cod=2478
POROTTO_001	1602.0	80.76732007141543	1204.1711664150605	0.07959971558737997	http://www.videpi.com/videpi/pozzi/dettaglio.asp?cod=4615
CASALBORE_002	3476.0	94.79168650258762	1116.8428579900406	0.07968402037054927	http://www.videpi.com/videpi/pozzi/dettaglio.asp?cod=1257
CERTALDO_001	1738.0	81.79466858231126	1192.9613713306767	0.07976518176886334	http://www.videpi.com/videpi/pozzi/dettaglio.asp?cod=1592
TRE_FONTANE_001	3502.0	94.76458374458508	1116.2141978843028	0.07991471793144853	http://www.videpi.com/videpi/pozzi/dettaglio.asp?cod=6567
CASALINI_001	3453.0	94.43636166345222	1117.4062043580786	0.07991672388069519	http://www.videpi.com/videpi/pozzi/dettaglio.asp?cod=1263
SESTOLA_001	2832.0	89.98932323992418	1135.5332440876418	0.08008758982814691	http://www.videpi.com/videpi/pozzi/dettaglio.asp?cod=6138
MONTE_FOI_001	4912.0	103.21345237574415	1091.0177700517677	0.08023822710119669	http://www.videpi.com/videpi/pozzi/dettaglio.asp?cod=3919
CASA_BORSELLI_001	3456.0	94.10177648071209	1117.3317867402657	0.08032895391965165	http://www.videpi.com/videpi/pozzi/dettaglio.asp?cod=1247
TEMPA_DEL_VENTO_001	4897.0	102.91950671666656	1091.2309382493395	0.0804762705835056	http://www.videpi.com/videpi/pozzi/dettaglio.asp?cod=6328
S.COLOMBANO_004	4173.0	98.45999986835433	1102.3915624289596	0.08061887107465868	http://www.videpi.com/videpi/pozzi/dettaglio.asp?cod=5556
DESANA_002	3299.0	92.58272117171845	1121.3406145240747	0.08087376128703744	http://www.videpi.com/videpi/pozzi/dettaglio.asp?cod=2344
CERTALDO_003	1668.0	79.9431865791624	1198.651539827048	0.08132371884004909	http://www.videpi.com/videpi/pozzi/dettaglio.asp?cod=1594
TRANFAGLIA_001	3357.0	92.5630325082555	1119.8157830655507	0.08136524954692397	http://www.videpi.com/videpi/pozzi/dettaglio.asp?cod=6556
ACATE_001_DIR	3388.0	92.75999523757443	1119.0228995068496	0.08137898016799093	http://www.videpi.com/videpi/pozzi/dettaglio.asp?cod=4
ACATE_002	3373.0	92.45995175819762	1119.4021700758435	0.08161892527202098	http://www.videpi.com/videpi/pozzi/dettaglio.asp?cod=5
LINAROLO_001	3206.0	91.04885980459937	1123.8400149397905	0.08195730259632017	http://www.videpi.com/videpi/pozzi/dettaglio.asp?cod=3302
CERTALDO_SUD_001_DIR	1695.0	79.62466562970951	1196.4112199437905	0.08201644650896027	http://www.videpi.com/videpi/pozzi/dettaglio.asp?cod=1596
VALLEDOLMO_001	3197.0	90.90515306420806	1124.0891497388293	0.0820576376611257	http://www.videpi.com/videpi/pozzi/dettaglio.asp?cod=6766
S.BIASE_001	4089.0	96.70139987701417	1103.9407800984939	0.08208796689830243	http://www.videpi.com/videpi/pozzi/dettaglio.asp?cod=5529
ORSOGNA_001	3340.0	91.79999253532705	1120.244717199426	0.08215128093839831	http://www.videpi.com/videpi/pozzi/dettaglio.asp?cod=4194
BELLADONNA_001_DIR	4060.0	96.41643271315843	1104.476913618399	0.08221409727849789	http://www.videpi.com/videpi/pozzi/dettaglio.asp?cod=719
ZIMMARA_001	2748.0	87.43991272793492	1138.4084464938271	0.08243841205536342	http://www.videpi.com/videpi/pozzi/dettaglio.asp?cod=6973
SCICLI_002	3309.0	91.17930726066794	1121.0465762173856	0.08265816272122013	http://www.videpi.com/videpi/pozzi/dettaglio.asp?cod=6004
CALDERARI_001_S	4019.0	95.71111177451694	1105.2523285744453	0.08276274225721726	http://www.videpi.com/videpi/pozzi/dettaglio.asp?cod=1050
BUDRIO_006	3600.0	92.9232128276332	1113.9195374044816	0.0828938646693059	http://www.videpi.com/videpi/pozzi/dettaglio.asp?cod=979
SPERLINGA_003	3835.0	94.30992373529841	1108.8591310574282	0.08305680832701902	http://www.videpi.com/videpi/pozzi/dettaglio.asp?cod=6232
MOZIA_001	2502.0	85.03994741981637	1148.075808322375	0.08319171982837337	http://www.videpi.com/videpi/pozzi/dettaglio.asp?cod=4074
BIDDUSA_001	2500.0	84.96445076200479	1148.155260456809	0.08326906251013394	http://www.videpi.com/videpi/pozzi/dettaglio.asp?cod=776
CICCONE_001_APP	2673.0	86.19041715174336	1141.1488147242392	0.08332754517951177	http://www.videpi.com/videpi/pozzi/dettaglio.asp?cod=1715
CAPRARA_001	3969.0	94.37074754099919	1106.220798704373	0.08404622642351199	http://www.videpi.com/videpi/pozzi/dettaglio.asp?cod=1219
BENEVENTO_002	3939.0	93.88132658251479	1106.8035706756402	0.08442982916951286	http://www.videpi.com/videpi/pozzi/dettaglio.asp?cod=758
VILLALFONSINA_001	3201.0	89.01801469182149	1123.9085503884953	0.0844688141411803	http://www.videpi.com/videpi/pozzi/dettaglio.asp?cod=6907
TRIONTO_001	4659.0	98.1799994591575	1094.730769910329	0.08453803456292047	http://www.videpi.com/videpi/pozzi/dettaglio.asp?cod=6661
ACATE_003	3191.0	88.81999997051702	1124.1815310181314	0.084637447133711	http://www.videpi.com/videpi/pozzi/dettaglio.asp?cod=6
CONSANDOLO_001	3106.0	87.99398092353852	1126.5988729170513	0.08495587689171558	http://www.videpi.com/videpi/pozzi/dettaglio.asp?cod=1927
CIRCELLO_001	3885.0	92.7000005147826	1107.8707038475825	0.08552153987428572	http://www.videpi.com/videpi/pozzi/dettaglio.asp?cod=1757
S.CLAUDIO_001	4127.0	93.35606511472844	1103.3359993205604	0.08666029584269955	http://www.videpi.com/videpi/pozzi/dettaglio.asp?cod=5552
SOMMARIVA_DEL_BOSCO_001	3809.0	91.18017990300659	1109.4027278966823	0.08691016247057835	http://www.videpi.com/videpi/pozzi/dettaglio.asp?cod=6201
MINEO_001	2278.0	80.55854545057694	1158.0777100800813	0.08692851136539137	http://www.videpi.com/videpi/pozzi/dettaglio.asp?cod=3691
NERVESA_001	3754.0	90.63373515454106	1110.5395966194271	0.08717730006263257	http://www.videpi.com/videpi/pozzi/dettaglio.asp?cod=4117
FRAINE_001	3784.0	90.65850648810925	1109.9149603796448	0.08740618912181651	http://www.videpi.com/videpi/pozzi/dettaglio.asp?cod=2688
RICCARDINA_001	3818.0	90.82985830631662	1109.2184287903099	0.08746803877889625	http://www.videpi.com/videpi/pozzi/dettaglio.asp?cod=5137
VILLA_LITERNO_001	2990.0	85.1894737596002	1129.9578948686142	0.08767130617756924	http://www.videpi.com/videpi/pozzi/dettaglio.asp?cod=6882
CASTELMAURO_002	3753.0	90.06569103589521	1110.5563028644885	0.08795337932002455	http://www.videpi.com/videpi/pozzi/dettaglio.asp?cod=1364
CASANOVA_LONATI_001	3002.0	85.05998726504777	1129.569591507288	0.08797017301359297	http://www.videpi.com/videpi/pozzi/dettaglio.asp?cod=1275
BENEVENTO_003	3723.0	89.64539939109525	1111.1852974435315	0.08827302189399115	http://www.videpi.com/videpi/pozzi/dettaglio.asp?cod=759
CASTELFRENTANO_006	2987.0	84.69630446872398	1130.0113153673728	0.08833775599448704	http://www.videpi.com/videpi/pozzi/dettaglio.asp?cod=1346
OTTOBIANO_001	4130.0	92.03379374436236	1103.3054957709921	0.08850537159053003	http://www.videpi.com/videpi/pozzi/dettaglio.asp?cod=4216
PANDINO_001	3118.0	85.41573556617517	1126.0838812867241	0.0885976206206916	http://www.videpi.com/videpi/pozzi/dettaglio.asp?cod=4284
CORSICO_001	2854.0	83.31975894086314	1134.257389725794	0.08897872020225409	http://www.videpi.com/videpi/pozzi/dettaglio.asp?cod=2032
MONACILIONI_001	3643.0	88.50120477287255	1112.8996247416278	0.08916747212563408	http://www.videpi.com/videpi/pozzi/dettaglio.asp?cod=3813
TROITTA_001	2520.0	80.70421788626847	1146.7136400722025	0.08929643896289588	http://www.videpi.com/videpi/pozzi/dettaglio.asp?cod=6669
S.TEODORO_CESARO'_001	3617.0	88.22432463608067	1113.4710238720882	0.08932414613317811	http://www.videpi.com/videpi/pozzi/dettaglio.asp?cod=5843
RANDAZZO_002	3646.0	88.325686867911	1112.8298241001098	0.08944789677106182	http://www.videpi.com/videpi/pozzi/dettaglio.asp?cod=4992
CERNUSCO_005	2955.0	83.6967725670118	1130.9409553665407	0.08945698486767856	http://www.videpi.com/videpi/pozzi/dettaglio.asp?cod=1572
MESSER_MARINO_001	3603.0	87.85176593651738	1113.7758217242358	0.08973216827600695	http://www.videpi.com/videpi/pozzi/dettaglio.asp?cod=3654
LANCIANO_001	2880.0	82.61328229440197	1133.2966069090137	0.0902820429198428	http://www.videpi.com/videpi/pozzi/dettaglio.asp?cod=3218
MARTELLI_001	2869.0	82.45199636437347	1133.6498904245693	0.09040746823386292	http://www.videpi.com/videpi/pozzi/dettaglio.asp?cod=3523
LANCIANO_002_APP	2850.0	82.00199007327564	1134.2447166528834	0.09088237697022027	http://www.videpi.com/videpi/pozzi/dettaglio.asp?cod=3220
VILLA_GRANDE_001	3650.0	87.30194519681288	1112.7184431186718	0.09098891828168953	http://www.videpi.com/videpi/pozzi/dettaglio.asp?cod=6881
NAFTIA_001	2053.0	76.05206797137485	1169.793778740771	0.09101365665172448	http://www.videpi.com/videpi/pozzi/dettaglio.asp?cod=4091
FIUME_SALINE_001	3736.0	87.74453129814937	1110.8824372049519	0.0911501062079316	http://www.videpi.com/videpi/pozzi/dettaglio.asp?cod=2593
CONTRADA_ULMO_001	2814.0	81.55899550906949	1135.4374997934628	0.09116950111505664	http://www.videpi.com/videpi/pozzi/dettaglio.asp?cod=1938
S.GREGORIO_MAGNO_001	4442.0	91.82572102591621	1098.1779042656935	0.0915466884245832	http://www.videpi.com/videpi/pozzi/dettaglio.asp?cod=5637
RANDAZZO_001	3566.0	86.31289915846617	1114.5682018551352	0.09166170660646279	http://www.videpi.com/videpi/pozzi/dettaglio.asp?cod=4991
PIADENA_009	3321.0	84.63275851300136	1120.4519233618407	0.09177156940787862	http://www.videpi.com/videpi/pozzi/dettaglio.asp?cod=4374
CASTELFRENTANO_005	2808.0	81.06943850958761	1135.5845951002268	0.09185351235973559	http://www.videpi.com/videpi/pozzi/dettaglio.asp?cod=1345
S.AGATA_001	3517.0	85.34143333506482	1115.6627578340886	0.09266418405066908	http://www.videpi.com/videpi/pozzi/dettaglio.asp?cod=5487
CONTRADA_CARPENA_001	3501.0	85.2329151597072	1116.0333839370278	0.0926709675347493	http://www.videpi.com/videpi/pozzi/dettaglio.asp?cod=1934
LANCIANO_002	2750.0	80.00330045881941	1137.509741019238	0.09287677450630429	http://www.videpi.com/videpi/pozzi/dettaglio.asp?cod=3219
TOLOMEI_001_DIR	1517.0	70.5849345302572	1211.4047637931878	0.09298745063734717	http://www.videpi.com/videpi/pozzi/dettaglio.asp?cod=6388
COLLE_FELICE_001	3704.0	86.31878680793315	1111.5283584234426	0.09301709556846453	http://www.videpi.com/videpi/pozzi/dettaglio.asp?cod=1843
S.MARIA_001	2708.0	79.5024891022578	1138.9834196842799	0.09319771158264814	http://www.videpi.com/videpi/pozzi/dettaglio.asp?cod=5650
VIGNOLA_001	3486.0	84.7209369808428	1116.36468109599	0.09331839568478333	http://www.videpi.com/videpi/pozzi/dettaglio.asp?cod=6876
MONTE_CIAPPIERE_001	3396.0	84.0596117367395	1118.514118052651	0.09343164892583648	http://www.videpi.com/videpi/pozzi/dettaglio.asp?cod=3894
MASCHITO_002	3469.0	84.37758881441215	1116.7526866895614	0.09368574633339408	http://www.videpi.com/videpi/pozzi/dettaglio.asp?cod=3576
ASIGLIANO_VERCELLESE_001	3463.0	84.32195157253761	1116.893481860384	0.09371186810147954	http://www.videpi.com/videpi/pozzi/dettaglio.asp?cod=418
MIRABELLO_001	4212.0	89.00765124514194	1101.9334565098343	0.09375303454160606	http://www.videpi.com/videpi/pozzi/dettaglio.asp?cod=3778
DESANA_001	3229.0	82.61987040219093	1122.7552555179063	0.09395838048645422	http://www.videpi.com/videpi/pozzi/dettaglio.asp?cod=2343
VALLE_ISOLA_001	4185.0	88.70090946495793	1102.39403469745	0.09397855072623215	http://www.videpi.com/videpi/pozzi/dettaglio.asp?cod=6709
VOLPAGO_001	3442.0	83.84000487388676	1117.3740845090115	0.09426240418671511	http://www.videpi.com/videpi/pozzi/dettaglio.asp?cod=6947
BORGO_D'ALE_001	1935.0	73.04883324278727	1176.5637264953828	0.09434991498186385	http://www.videpi.com/videpi/pozzi/dettaglio.asp?cod=878
ESINO_001	3425.0	83.37513005424017	1117.761148615116	0.09483408870810925	http://www.videpi.com/videpi/pozzi/dettaglio.asp?cod=2481
VARANO_001	3417.0	83.30285326275691	1117.9524621391593	0.0948664137120943	http://www.videpi.com/videpi/pozzi/dettaglio.asp?cod=6784
DESANA_003	2835.0	79.32977946807195	1134.4066570337643	0.0949235436030439	http://www.videpi.com/videpi/pozzi/dettaglio.asp?cod=2345
LISANZA_001	3282.0	82.29415095705158	1121.3125232891837	0.09505839917442688	http://www.videpi.com/videpi/pozzi/dettaglio.asp?cod=3322
CONTRASTO_001	3419.0	83.12394733258424	1117.8929959242917	0.09518002771414148	http://www.videpi.com/videpi/pozzi/dettaglio.asp?cod=1939
FRANCOFONTE_001	1927.0	72.45468761363236	1176.8958096515335	0.09523834081334338	http://www.videpi.com/videpi/pozzi/dettaglio.asp?cod=2694
CASALBORDINO_001	3149.0	81.26461317919347	1124.8449336895799	0.0952868596371077	http://www.videpi.com/videpi/pozzi/dettaglio.asp?cod=1254
SELVA_PIANA_001	3400.0	82.90352176173863	1118.3464095676838	0.09533738299421082	http://www.videpi.com/videpi/pozzi/dettaglio.asp?cod=6045
TROIA_001	3438.0	83.15021035299452	1117.4324323721123	0.095340960901295	http://www.videpi.com/videpi/pozzi/dettaglio.asp?cod=6663
MONTESANTO_001	3350.0	82.5155526130534	1119.5719089507943	0.09543454280377818	http://www.videpi.com/videpi/pozzi/dettaglio.asp?cod=4005
GUDO_GAMBAREDO_001_DIR	1934.0	72.36005287491031	1176.3734766848543	0.0954894038243659	http://www.videpi.com/videpi/pozzi/dettaglio.asp?cod=3108
CAMPOMAGGIORE_001	2782.0	78.51887631610977	1136.1326638176824	0.09565187616376938	http://www.videpi.com/videpi/pozzi/dettaglio.asp?cod=1103
MOLTONE_001	3207.0	81.2872935430244	1123.2441068244987	0.09589550264386071	http://www.videpi.com/videpi/pozzi/dettaglio.asp?cod=3812
MONTE_CASSIANO_001	3352.0	82.02206056826077	1119.48715148299	0.09627736112055132	http://www.videpi.com/videpi/pozzi/dettaglio.asp?cod=3889
S.SILVESTRO_001	3003.0	79.3679959998622	1128.9522055701311	0.09680408682088103	http://www.videpi.com/videpi/pozzi/dettaglio.asp?cod=5830
CASTELFRENTANO_001	2555.0	76.08541558068825	1144.3598431698213	0.09704280183485951	http://www.videpi.com/videpi/pozzi/dettaglio.asp?cod=1341
CIVITACAMPOMARANO_001	3312.0	81.2676360746189	1120.4523370526642	0.09710767111413579	http://www.videpi.com/videpi/pozzi/dettaglio.asp?cod=1783
CISINA_007	1410.0	67.27325350527026	1222.0074653504948	0.09719546689409032	http://www.videpi.com/videpi/pozzi/dettaglio.asp?cod=1778
LENNE_001_DIR	2549.0	75.91939014213067	1144.5718248753283	0.09725522693195857	http://www.videpi.com/videpi/pozzi/dettaglio.asp?cod=3260
S.VITO_CHIETINO_001	2633.0	76.51038562191717	1141.3179154322522	0.09727414394060588	http://www.videpi.com/videpi/pozzi/dettaglio.asp?cod=5848
TRENNO_002_DIR	2538.0	75.71967140632786	1144.9850184278832	0.09746450373496804	http://www.videpi.com/videpi/pozzi/dettaglio.asp?cod=6609
SPERLINGA_002	3297.0	80.94690763714304	1120.8150160034982	0.09748752795435993	http://www.videpi.com/videpi/pozzi/dettaglio.asp?cod=6231
PARMA_001	3295.0	80.91841922099785	1120.8646707790597	0.09751379368282119	http://www.videpi.com/videpi/pozzi/dettaglio.asp?cod=4304
TERENZO_001	2531.0	75.6191204835547	1145.2552720845742	0.09755177523453336	http://www.videpi.com/videpi/pozzi/dettaglio.asp?cod=6341
LATINA_001	1425.0	67.19018602147214	1220.187616026628	0.0975571016021598	http://www.videpi.com/videpi/pozzi/dettaglio.asp?cod=3228
S.SEBASTIANO_001	3290.0	80.84757026321671	1120.989030579112	0.09757886270174859	http://www.videpi.com/videpi/pozzi/dettaglio.asp?cod=5827
LATINA_002	798.0	61.00064143348742	1305.554873063062	0.09770984993771457	http://www.videpi.com/videpi/pozzi/dettaglio.asp?cod=3229
PALAZZUOLO_001	2506.0	75.3323151189814	1146.2470519238236	0.09773750168534737	http://www.videpi.com/videpi/pozzi/dettaglio.asp?cod=4234
VITTORIA_003	2517.0	75.35249244298411	1145.7842836866325	0.09784149860754236	http://www.videpi.com/videpi/pozzi/dettaglio.asp?cod=6931
S.ALESSANDRO_001	3737.0	83.571008570539	1110.7581123535542	0.09786821074762236	http://www.videpi.com/videpi/pozzi/dettaglio.asp?cod=5490
SIGONA_GRANDE_001	1831.0	70.17234460433369	1182.9288550436697	0.09790567028191759	http://www.videpi.com/videpi/pozzi/dettaglio.asp?cod=6175
TAMERICI_001_DIR	3227.0	80.20140679341063	1122.60277505919	0.09797334807499641	http://www.videpi.com/videpi/pozzi/dettaglio.asp?cod=6315
RIGOLIZIA_001	2520.0	75.28315957749398	1145.6415144970597	0.09800144271805782	http://www.videpi.com/videpi/pozzi/dettaglio.asp?cod=5148
TROIA_003	3313.0	80.68244255100076	1120.3804064421656	0.09812899996035607	http://www.videpi.com/videpi/pozzi/dettaglio.asp?cod=6665
CASE_PINELLI_001	3985.0	84.70280831785426	1105.936430642857	0.09859036470535372	http://www.videpi.com/videpi/pozzi/dettaglio.asp?cod=1291
MARCONE_001	2409.0	74.12997862718447	1150.234845240449	0.09861724470299492	http://www.videpi.com/videpi/pozzi/dettaglio.asp?cod=3494
PIADENA_008	3286.0	80.14604692111197	1121.0345088066163	0.09875735562635718	http://www.videpi.com/videpi/pozzi/dettaglio.asp?cod=4373
CALESTAN_001_DIR	2472.0	74.38060438990102	1147.4843544726846	0.09898945875458397	http://www.videpi.com/videpi/pozzi/dettaglio.asp?cod=1059
CERCEMAGGIORE_002	3233.0	79.65998952422518	1122.3912599004277	0.09899563102817945	http://www.videpi.com/videpi/pozzi/dettaglio.asp?cod=1557
LORO_PICENO_001	4003.0	84.56390028958417	1105.6046169922392	0.09902830519055131	http://www.videpi.com/videpi/pozzi/dettaglio.asp?cod=3345
CAVALLETTO_001	3230.0	79.60023485276588	1122.466108249313	0.09906638908004364	http://www.videpi.com/videpi/pozzi/dettaglio.asp?cod=1407
MODENA_003	3965.0	84.29946740410006	1106.3016380851918	0.09908165559429216	http://www.videpi.com/videpi/pozzi/dettaglio.asp?cod=3797
MONTE_GIBERTO_001	3801.0	83.27374004562193	1109.4454024715412	0.09909096264848508	http://www.videpi.com/videpi/pozzi/dettaglio.asp?cod=3923
FRANCIACORTA_001_DIR	3329.0	80.13615711666242	1119.9274621318546	0.09927870798271082	http://www.videpi.com/videpi/pozzi/dettaglio.asp?cod=2693
ROMA	1330.0	65.46358274559823	1231.1555974749767	0.09935721134125285	http://www.videpi.com/videpi/pozzi/dettaglio.asp?cod=5352
S.ELPIDIO_001	3969.0	84.10791115289635	1106.224814011081	0.09946451198237824	http://www.videpi.com/videpi/pozzi/dettaglio.asp?cod=5567
PESCARA_003	3203.0	79.05983448466542	1123.1432428754508	0.0997122186594137	http://www.videpi.com/videpi/pozzi/dettaglio.asp?cod=4353
NOTO_002	3200.0	79.01440535907778	1123.2203722697104	0.09975808196893014	http://www.videpi.com/videpi/pozzi/dettaglio.asp?cod=4144
SERRONI_001	2486.0	74.0476057048184	1146.7940013347618	0.0997762002745041	http://www.videpi.com/videpi/pozzi/dettaglio.asp?cod=6136
TORRENTE_SALANDRELLA_001	3148.0	78.5876613841388	1124.6000856770484	0.09990089003389421	http://www.videpi.com/videpi/pozzi/dettaglio.asp?cod=6440
S.CROCE_001	3195.0	78.89999168743672	1123.3452075651285	0.09990460064985887	http://www.videpi.com/videpi/pozzi/dettaglio.asp?cod=5561
PALAZZOLO_001	2430.0	73.56355291201426	1149.1314502847247	0.09991884917994127	http://www.videpi.com/videpi/pozzi/dettaglio.asp?cod=4233
VITTORIA_OVEST_001	2422.0	73.43383306850359	1149.456699961502	0.10005006216842185	http://www.videpi.com/videpi/pozzi/dettaglio.asp?cod=6933
S.ALESSANDRO_001_DIR_A	3499.0	80.8043280503801	1115.8477815702033	0.10006957290197788	http://www.videpi.com/videpi/pozzi/dettaglio.asp?cod=5491
SALUSSOLA_001	1790.0	68.65447360958399	1185.3720710720763	0.1000919794218435	http://www.videpi.com/videpi/pozzi/dettaglio.asp?cod=5937
FONTEMAGGIORE_001_DIR	2226.0	71.76830863741296	1158.510602284962	0.10046289635355768	http://www.videpi.com/videpi/pozzi/dettaglio.asp?cod=2623
S.MARIA_002	2396.0	72.92009200953285	1150.4990715232132	0.10064957177915068	http://www.videpi.com/videpi/pozzi/dettaglio.asp?cod=5652
MAGLIANO_001	3164.0	78.25611807984583	1124.1174490476196	0.10070174786073553	http://www.videpi.com/videpi/pozzi/dettaglio.asp?cod=3427
LEONFORTE_001	3154.0	78.12460069500491	1124.3812275636255	0.10082075871086917	http://www.videpi.com/videpi/pozzi/dettaglio.asp?cod=3279
CAMURANA_002	3505.0	80.16498601018304	1115.669391782404	0.101311266687282	http://www.videpi.com/videpi/pozzi/dettaglio.asp?cod=1111
CERCEMAGGIORE_001	3137.0	77.7400369194453	1124.8140786357337	0.1013225633531645	http://www.videpi.com/videpi/pozzi/dettaglio.asp?cod=1556
ROTELLO_002	2696.0	74.68561088323747	1138.5553854571801	0.10136875492186126	http://www.videpi.com/videpi/pozzi/dettaglio.asp?cod=5431
BORECA_001	3134.0	77.6790710487549	1124.8915167498592	0.10139874311948573	http://www.videpi.com/videpi/pozzi/dettaglio.asp?cod=874
VITRAVO_001	3182.0	77.93842228834987	1123.5999033636808	0.10151383865910871	http://www.videpi.com/videpi/pozzi/dettaglio.asp?cod=6928
S.CHIRICO_004	2358.0	72.15896131430522	1152.0477125350303	0.10155725273739488	http://www.videpi.com/videpi/pozzi/dettaglio.asp?cod=5549
FOSSALTO_001	3228.0	78.21518998089343	1122.3841580927658	0.1015685139820508	http://www.videpi.com/videpi/pozzi/dettaglio.asp?cod=2683
ERACLEA_001	2502.0	73.19144136942016	1145.892567193449	0.10158132607437804	http://www.videpi.com/videpi/pozzi/dettaglio.asp?cod=2477
BIDDINE_001	2350.0	72.03572186105508	1152.3894133158472	0.10167995023610732	http://www.videpi.com/videpi/pozzi/dettaglio.asp?cod=775
CERCEPICCOLA_001	3122.0	77.44000007552819	1125.2027036655004	0.10169554915933389	http://www.videpi.com/videpi/pozzi/dettaglio.asp?cod=1558
LUCERA_002	3117.0	77.3738886328239	1125.3367933998634	0.10175668795262174	http://www.videpi.com/videpi/pozzi/dettaglio.asp?cod=3349
BIGNARDI_001_DIR_BIS	3386.0	79.11356445661707	1118.4232732010857	0.10183285586533244	http://www.videpi.com/videpi/pozzi/dettaglio.asp?cod=784
BENEVENTO_001	3112.0	77.27137646184603	1125.4668103911488	0.10188643052978996	http://www.videpi.com/videpi/pozzi/dettaglio.asp?cod=757
MARGI_001	1744.0	67.31719014745181	1188.3749412318953	0.10195294465080063	http://www.videpi.com/videpi/pozzi/dettaglio.asp?cod=3503
PENNADOMO_001	2190.0	70.67817702625995	1160.047699732565	0.10201509380779267	http://www.videpi.com/videpi/pozzi/dettaglio.asp?cod=4316
PALAZZETTO_001	3109.0	77.17951502471058	1125.541244846289	0.10202175503798605	http://www.videpi.com/videpi/pozzi/dettaglio.asp?cod=4230
GRUGNALE_001_DIR	2300.0	71.47179003164418	1154.6346542759934	0.10205535875878458	http://www.videpi.com/videpi/pozzi/dettaglio.asp?cod=3104
S.MARIA_003	2337.0	71.74287561707979	1152.9196340572007	0.10205671176495983	http://www.videpi.com/videpi/pozzi/dettaglio.asp?cod=5653
MONTESTILLO_001	3107.0	77.14500700220489	1125.5941561506497	0.10206158655894723	http://www.videpi.com/videpi/pozzi/dettaglio.asp?cod=4010
PORPORANO_001	2798.0	74.96253566842536	1134.9641699292645	0.10219489035882946	http://www.videpi.com/videpi/pozzi/dettaglio.asp?cod=4616
BIGNARDI_001	3336.0	78.58062242436483	1119.6199492361218	0.10222080811967992	http://www.videpi.com/videpi/pozzi/dettaglio.asp?cod=783
GISSI_001	2330.0	71.60002325791685	1153.2113544519013	0.10223219129509646	http://www.videpi.com/videpi/pozzi/dettaglio.asp?cod=3016
VITTORIA_002	2321.0	71.50888467851638	1153.6178660424043	0.10228041679821731	http://www.videpi.com/videpi/pozzi/dettaglio.asp?cod=6930
VITTORIA_004	2277.0	71.18198852434274	1155.6855180119871	0.10228632688828913	http://www.videpi.com/videpi/pozzi/dettaglio.asp?cod=6932
LANZANO_001	2696.0	74.11785541160039	1138.438071417792	0.10244581436821998	http://www.videpi.com/videpi/pozzi/dettaglio.asp?cod=3221
FELINO_001	3089.0	76.81861522623461	1126.0703844794566	0.10245146363814601	http://www.videpi.com/videpi/pozzi/dettaglio.asp?cod=2525
RIO_ZOLA_001	3334.0	78.36063822042645	1119.6510076602178	0.10261356567960651	http://www.videpi.com/videpi/pozzi/dettaglio.asp?cod=5186
MONTE_BARCA_001	3058.0	76.48362918340997	1126.929132908938	0.10269229491451679	http://www.videpi.com/videpi/pozzi/dettaglio.asp?cod=3863
BASENTO_001	2323.0	71.24686068376229	1153.4365387621476	0.10281519779534885	http://www.videpi.com/videpi/pozzi/dettaglio.asp?cod=683
RODIGO_001	5312.0	89.93855530670879	1086.9693412477359	0.1030629637844059	http://www.videpi.com/videpi/pozzi/dettaglio.asp?cod=5350
SPINELLO_001	2286.0	70.75171206289893	1155.0893606526993	0.10325086714998628	http://www.videpi.com/videpi/pozzi/dettaglio.asp?cod=6278
CREMONA_NORD_001	3055.0	76.03047475677567	1126.9564735716194	0.10352844925395184	http://www.videpi.com/videpi/pozzi/dettaglio.asp?cod=2211
GINESTRE_001	2723.0	73.73342979701818	1137.372458607776	0.10355769673718987	http://www.videpi.com/videpi/pozzi/dettaglio.asp?cod=2974
SALANDRA_001	2272.0	70.43900736017007	1155.6826841351244	0.10366338499430396	http://www.videpi.com/videpi/pozzi/dettaglio.asp?cod=5914
ROSELLO_001	2971.0	75.3597475924969	1129.3870698045757	0.10372632265668821	http://www.videpi.com/videpi/pozzi/dettaglio.asp?cod=5378
CREMONA_NORD_002	3050.0	75.87606332560242	1127.0823410797525	0.10376395635545138	http://www.videpi.com/videpi/pozzi/dettaglio.asp?cod=2212
ROTELLO_001	2589.0	72.61734907734768	1142.1862726328172	0.10389324118148192	http://www.videpi.com/videpi/pozzi/dettaglio.asp?cod=5430
SASSO_MARCONI_001	3029.0	75.51803686009733	1127.6535828840517	0.10418857950789966	http://www.videpi.com/videpi/pozzi/dettaglio.asp?cod=5983
STROMBONE_002_DIR	2246.0	69.9199557247716	1156.8190825556253	0.10431427068999292	http://www.videpi.com/videpi/pozzi/dettaglio.asp?cod=6308
MONTE_MARCONE_001	2202.0	69.59190087278706	1158.9963221182302	0.10431896502997437	http://www.videpi.com/videpi/pozzi/dettaglio.asp?cod=3928
MONTE_ODORISIO_001	3053.0	75.57165566495382	1126.9523822090796	0.10440290082007705	http://www.videpi.com/videpi/pozzi/dettaglio.asp?cod=3931
CASALPUSTERLENGO_005	3001.0	75.18456764115744	1128.444806108636	0.10447322106381847	http://www.videpi.com/videpi/pozzi/dettaglio.asp?cod=1271
PONTE_001_DIR	3011.0	75.19754958933108	1128.145397039341	0.10458203656906395	http://www.videpi.com/videpi/pozzi/dettaglio.asp?cod=4579
PESCOPENNATARO_001	3028.0	75.2958637515539	1127.6516102545506	0.10461526710163656	http://www.videpi.com/videpi/pozzi/dettaglio.asp?cod=4355
ATRI_001	3750.0	79.95047779191636	1110.35992071305	0.10470068940946649	http://www.videpi.com/videpi/pozzi/dettaglio.asp?cod=430
BUDRIO_002	3001.0	75.0294602439305	1128.4217437123827	0.1047819021978112	http://www.videpi.com/videpi/pozzi/dettaglio.asp?cod=974
FORENZA_001	3001.0	75.01915750859322	1128.4202071759912	0.10480247016043402	http://www.videpi.com/videpi/pozzi/dettaglio.asp?cod=2667
AGIRA_001	2980.0	74.85156386361915	1129.0330362799302	0.1048525834830551	http://www.videpi.com/videpi/pozzi/dettaglio.asp?cod=31
CAMPOMAGGIORE_002	2527.0	71.67880032885638	1144.4504668534548	0.1048834571810524	http://www.videpi.com/videpi/pozzi/dettaglio.asp?cod=1104
MONTE_TABURNO_001	3733.0	79.73697755770701	1110.697136493964	0.10491204091441805	http://www.videpi.com/videpi/pozzi/dettaglio.asp?cod=3945
MONTEDORO_002	2974.0	74.74143311065505	1129.199827496927	0.10499143272238722	http://www.videpi.com/videpi/pozzi/dettaglio.asp?cod=3968
CANCELLO_002	3007.0	74.95124255526274	1128.2292704108709	0.10501969233995222	http://www.videpi.com/videpi/pozzi/dettaglio.asp?cod=1118
S.CROCE_CAMERINA_002	2951.0	74.51061306701817	1129.873894624745	0.10514059656972768	http://www.videpi.com/videpi/pozzi/dettaglio.asp?cod=5563
S.FELICE_SUL_PANARO_001	2948.0	74.46988688387519	1129.9607341661558	0.10518140055896114	http://www.videpi.com/videpi/pozzi/dettaglio.asp?cod=5571
PARMA_002	2938.0	74.39891087849323	1130.2617213720418	0.10518699700759902	http://www.videpi.com/videpi/pozzi/dettaglio.asp?cod=4305
PIETRAGALLA_001	2984.0	74.67923629367769	1128.8844508501656	0.10525292275424072	http://www.videpi.com/videpi/pozzi/dettaglio.asp?cod=4409
GUARDIOLA_001	2035.0	67.8318541610272	1167.8059353943715	0.10535386624666489	http://www.videpi.com/videpi/pozzi/dettaglio.asp?cod=3106
VERDITOLO_001	2995.0	74.5932386993153	1128.5373188840922	0.10557741731897001	http://www.videpi.com/videpi/pozzi/dettaglio.asp?cod=6831
FIUME_CRATI_003	3714.0	79.277717279911	1111.0665637303198	0.10559021408719341	http://www.videpi.com/videpi/pozzi/dettaglio.asp?cod=2591
SEGRATE_001	2298.0	69.56339845218608	1154.0848566604398	0.10581432811809123	http://www.videpi.com/videpi/pozzi/dettaglio.asp?cod=6013
ARCHI_001	2103.0	68.08940144122097	1163.8690982999497	0.10587493396224655	http://www.videpi.com/videpi/pozzi/dettaglio.asp?cod=359
STAFFORA_001_DIR	2952.0	74.10934954891826	1129.7781265129058	0.10596767240476782	http://www.videpi.com/videpi/pozzi/dettaglio.asp?cod=6292
ZIMMARA_002	2459.0	70.63406514068886	1147.0270270640274	0.10601781360065853	http://www.videpi.com/videpi/pozzi/dettaglio.asp?cod=6974
PAGLIETA_001	2170.0	68.48528520779585	1160.2811262367518	0.10608969317793754	http://www.videpi.com/videpi/pozzi/dettaglio.asp?cod=4226
PALATA_001	2873.0	73.50337425387639	1132.1844711377946	0.10610246945873986	http://www.videpi.com/videpi/pozzi/dettaglio.asp?cod=4228
CASTANO_001	6728.0	95.53769975335547	1074.0460900532426	0.1065040741838777	http://www.videpi.com/videpi/pozzi/dettaglio.asp?cod=1314
S.GERMANO_VERCELLESE_001	2530.0	70.90040477159208	1144.1166991587438	0.10651937013534518	http://www.videpi.com/videpi/pozzi/dettaglio.asp?cod=5578
PAGLIETA_003	2152.0	68.05495467795429	1161.0884695435584	0.10670779010095283	http://www.videpi.com/videpi/pozzi/dettaglio.asp?cod=4227
TAVENNA_002	2427.0	70.06750776298364	1148.2535946789058	0.1067144472699345	http://www.videpi.com/videpi/pozzi/dettaglio.asp?cod=6321
PONTE_CASANOVA_003	2922.0	73.44000827509504	1130.6041793817783	0.10692602367909793	http://www.videpi.com/videpi/pozzi/dettaglio.asp?cod=4583
BARICELLA_002	2500.0	70.4865899219012	1145.2421102348003	0.10693528016536019	http://www.videpi.com/videpi/pozzi/dettaglio.asp?cod=673
PETACCIATO_TERMOLI_001	3986.0	80.26021402915106	1105.8451894717487	0.10702065584059621	http://www.videpi.com/videpi/pozzi/dettaglio.asp?cod=4361
VILLALFONSINA_SUD_001	2141.0	67.8204671649707	1161.5980076712763	0.10702880701513331	http://www.videpi.com/videpi/pozzi/dettaglio.asp?cod=6911
CUPELLO_001	2075.0	67.32194179003868	1165.157411450185	0.1070402625512613	http://www.videpi.com/videpi/pozzi/dettaglio.asp?cod=2246
ATELETA_002	2911.0	73.20152444324992	1130.9104760955006	0.10726707322573213	http://www.videpi.com/videpi/pozzi/dettaglio.asp?cod=426
MAFALDA_001	2670.0	71.50786107624407	1138.8196356329183	0.10732033598382562	http://www.videpi.com/videpi/pozzi/dettaglio.asp?cod=3423
SPERLINGA_001	2900.0	73.05145127583441	1131.233732365077	0.10742418280716455	http://www.videpi.com/videpi/pozzi/dettaglio.asp?cod=6230
CIANCIANA_001	2208.0	68.12001353930944	1158.1026162952687	0.10744684002596701	http://www.videpi.com/videpi/pozzi/dettaglio.asp?cod=1704
CASALINI_002	2508.0	70.28391783878715	1144.8511940723315	0.10748224305315879	http://www.videpi.com/videpi/pozzi/dettaglio.asp?cod=1264
MONTEPELATO_005	2565.0	70.65653778261026	1142.637679455944	0.10755288003910377	http://www.videpi.com/videpi/pozzi/dettaglio.asp?cod=3996
PIZZO_CORVO_001	2123.0	67.40778950122296	1162.4264413631865	0.10761984888357415	http://www.videpi.com/videpi/pozzi/dettaglio.asp?cod=4480
MALOSSA_005	2506.0	70.17938603481774	1144.9043228257344	0.10767345659356227	http://www.videpi.com/videpi/pozzi/dettaglio.asp?cod=3457
SEGESTA_001	3194.0	74.86433322120641	1122.9223416461264	0.10777024568023985	http://www.videpi.com/videpi/pozzi/dettaglio.asp?cod=6010
GHIARA_001_DIR	2497.0	69.92628768053117	1145.205882433592	0.10807566173071068	http://www.videpi.com/videpi/pozzi/dettaglio.asp?cod=2956
DITTAINO_001	1164.0	59.9134322775392	1252.250025455058	0.10810521611733569	http://www.videpi.com/videpi/pozzi/dettaglio.asp?cod=2359
POGGIOFIORITO_004	2097.0	66.93889704298806	1163.6972085740526	0.10820958632061375	http://www.videpi.com/videpi/pozzi/dettaglio.asp?cod=4553
MONTENERO_DI_BISACCIA_001	2081.0	66.79691091637689	1164.5599470828138	0.1082578601683312	http://www.videpi.com/videpi/pozzi/dettaglio.asp?cod=3987
MONTE_ROTARO_002	2497.0	69.82765231739863	1145.177103898005	0.10828703727967225	http://www.videpi.com/videpi/pozzi/dettaglio.asp?cod=3939
CHELBI_001	1159.0	59.778025693854445	1252.9832201182435	0.108324882532831	http://www.videpi.com/videpi/pozzi/dettaglio.asp?cod=1665
SERRA_DELLA_TRAVE_001	5079.0	85.78151265780716	1089.812978305821	0.1087786860443713	http://www.videpi.com/videpi/pozzi/dettaglio.asp?cod=6120
MONTEVERDE_MACERATA_001	2320.0	68.18836938209542	1152.5303899676942	0.109070044974961	http://www.videpi.com/videpi/pozzi/dettaglio.asp?cod=4041
PIETRAROSSA_001	3586.0	76.71131349122862	1113.63262683134	0.10924549642273762	http://www.videpi.com/videpi/pozzi/dettaglio.asp?cod=4415
COLLA_001	2238.0	67.40239001589772	1156.2655714692648	0.10947754654702563	http://www.videpi.com/videpi/pozzi/dettaglio.asp?cod=1837
LARINO_001	2672.0	70.50416086388874	1138.5064474465057	0.10950453780838243	http://www.videpi.com/videpi/pozzi/dettaglio.asp?cod=3223
S.ANGELO_PIOVE_DI_SACCO_001	2036.0	65.87698033329363	1166.7919733966478	0.10953164507536482	http://www.videpi.com/videpi/pozzi/dettaglio.asp?cod=5503
IELSI_001	2826.0	71.51986386923734	1133.3520993760205	0.10962035817918665	http://www.videpi.com/videpi/pozzi/dettaglio.asp?cod=3132
COLLEROSSI_001_DIR	2045.0	65.90000000001258	1166.2598125954557	0.1096301892769494	http://www.videpi.com/videpi/pozzi/dettaglio.asp?cod=1878
MONTE_FEDELE_002	2820.0	71.45998993601226	1133.5396074901125	0.10966107203051101	http://www.videpi.com/videpi/pozzi/dettaglio.asp?cod=3917
DONNA_CATERINA_001	2091.0	66.2145412414296	1163.7039904477886	0.10969587840516802	http://www.videpi.com/videpi/pozzi/dettaglio.asp?cod=2373
BOSCARETO_001	3584.0	76.4584608514562	1113.659390856012	0.10976495608746006	http://www.videpi.com/videpi/pozzi/dettaglio.asp?cod=882
MARZOLLO_001_DIR	2036.0	65.72378320696679	1166.714407453445	0.10987160570393709	http://www.videpi.com/videpi/pozzi/dettaglio.asp?cod=3572
PUGLIA_001	7070.0	95.5546225301662	1071.7018184652622	0.10991740165849252	http://www.videpi.com/videpi/pozzi/dettaglio.asp?cod=4874
MONTECILFONE_002	2370.0	68.00448965631921	1150.1345175346164	0.11027755420315846	http://www.videpi.com/videpi/pozzi/dettaglio.asp?cod=3960
CANCELLO_001	3312.0	74.44239499670729	1119.8225640412104	0.11034875290204359	http://www.videpi.com/videpi/pozzi/dettaglio.asp?cod=1117
FRASCAROLO_001	2450.0	68.51306855624647	1146.7646950210635	0.11042907494067104	http://www.videpi.com/videpi/pozzi/dettaglio.asp?cod=2697
VILLALFONSINA_002	2015.0	65.3027847211115	1167.7811610735953	0.1104608762406596	http://www.videpi.com/videpi/pozzi/dettaglio.asp?cod=6908
LORETO_001	2820.0	71.07609226850386	1133.4614025718313	0.11050869700363106	http://www.videpi.com/videpi/pozzi/dettaglio.asp?cod=3343
SERRA_DEI_BISI_001	2780.0	70.77005805823441	1134.7440053901964	0.11057623652318102	http://www.videpi.com/videpi/pozzi/dettaglio.asp?cod=6108
FARNETO_001	2040.0	65.41327287468069	1166.3145634838356	0.11063474273707767	http://www.videpi.com/videpi/pozzi/dettaglio.asp?cod=2517
S.FILIPPO_1(MC)	3404.0	74.82201168905506	1117.6198865891697	0.11082933867381177	http://www.videpi.com/videpi/pozzi/dettaglio.asp?cod=5576
GHIARA_002_DIR	2000.0	64.99806561789504	1168.5505465498468	0.11089450490181663	http://www.videpi.com/videpi/pozzi/dettaglio.asp?cod=2957
TORRECHIARA_001	2738.0	70.25171455441303	1136.0801844969924	0.11108601272842467	http://www.videpi.com/videpi/pozzi/dettaglio.asp?cod=6402
SCERNI_002	1980.0	64.74244233745357	1169.6723139335165	0.11113330451579555	http://www.videpi.com/videpi/pozzi/dettaglio.asp?cod=5998
MONTECILFONE_003	2252.0	66.72300852914147	1155.2868118415424	0.11122791797519918	http://www.videpi.com/videpi/pozzi/dettaglio.asp?cod=3961
MORRO_D'ORO_001	4332.0	80.33455553841844	1100.0426532378308	0.1113010368983855	http://www.videpi.com/videpi/pozzi/dettaglio.asp?cod=4070
S.STEFANO_MARE_002	1765.0	62.94999997514356	1183.811891972534	0.11149612079505751	http://www.videpi.com/videpi/pozzi/dettaglio.asp?cod=5832
BORGOSATOLLO_001	2760.0	70.21097475456291	1135.3070218060552	0.11152237488622256	http://www.videpi.com/videpi/pozzi/dettaglio.asp?cod=881
IELSI_002	2758.0	70.15492278104766	1135.3634348254518	0.11161819438619551	http://www.videpi.com/videpi/pozzi/dettaglio.asp?cod=3134
S.BIAGIO_001	1907.0	63.971290171499156	1174.0366471329698	0.11163574454560637	http://www.videpi.com/videpi/pozzi/dettaglio.asp?cod=5528
MARZAMEMI_001	3518.0	75.18001681600528	1115.022681764872	0.11166402441750273	http://www.videpi.com/videpi/pozzi/dettaglio.asp?cod=3529
VOLPEDO_001	2664.0	69.41045559761156	1138.53042356064	0.11182485474181708	http://www.videpi.com/videpi/pozzi/dettaglio.asp?cod=6948
FICAROLO_001	2059.0	64.99644285201605	1164.9700693526197	0.11191044864510892	http://www.videpi.com/videpi/pozzi/dettaglio.asp?cod=2562
BELMONTE_001	2747.0	69.92797213680136	1135.6927235315784	0.11196187721532283	http://www.videpi.com/videpi/pozzi/dettaglio.asp?cod=754
RADDUSA_002	3098.0	72.29445899233666	1125.1961663574361	0.11200099139673508	http://www.videpi.com/videpi/pozzi/dettaglio.asp?cod=4895
CERDA_002	2742.0	69.87550883248721	1135.8545206083304	0.11200265461524904	http://www.videpi.com/videpi/pozzi/dettaglio.asp?cod=1560
LAVELLO_005	2744.0	69.87456686284744	1135.7847272989782	0.11203651751958872	http://www.videpi.com/videpi/pozzi/dettaglio.asp?cod=3243
MERLENGO_001	2754.0	69.9202163693613	1135.4486384393015	0.11209050814727227	http://www.videpi.com/videpi/pozzi/dettaglio.asp?cod=3645
CASALETTO_002	2719.0	69.5678688802905	1136.589212964572	0.11234257845373607	http://www.videpi.com/videpi/pozzi/dettaglio.asp?cod=1260
PESCOPENNATARO_002	2742.0	69.6546847752429	1135.8037212772617	0.11251014755413072	http://www.videpi.com/videpi/pozzi/dettaglio.asp?cod=4356
TRIGNO_002	1952.0	63.9331665957493	1171.0153542364656	0.1125132681086557	http://www.videpi.com/videpi/pozzi/dettaglio.asp?cod=6651
S.ANTONIO_001	3104.0	72.09518764980216	1124.999546482681	0.11254817315090414	http://www.videpi.com/videpi/pozzi/dettaglio.asp?cod=5504
MORGIA_001_DIR	2696.0	69.25057802899418	1137.330789147501	0.11270619937500899	http://www.videpi.com/videpi/pozzi/dettaglio.asp?cod=4063
SCALA_COELI_001	3200.0	72.60482918114927	1122.4813499257261	0.11283767871542252	http://www.videpi.com/videpi/pozzi/dettaglio.asp?cod=5988
LARINO_002	2715.0	69.31559695728723	1136.6704837954544	0.11286186825230626	http://www.videpi.com/videpi/pozzi/dettaglio.asp?cod=3224
TRE_CANCELLI_001_DIR	1123.0	57.45096980916825	1257.1678340813214	0.11312285535445442	http://www.videpi.com/videpi/pozzi/dettaglio.asp?cod=6566
S.BENIGNO_C._001	2700.0	69.0991645519915	1137.1508140862566	0.11312322338071838	http://www.videpi.com/videpi/pozzi/dettaglio.asp?cod=5525
VERICA_001	3501.0	74.38895690300599	1115.3408631367433	0.11322200940489628	http://www.videpi.com/videpi/pozzi/dettaglio.asp?cod=6832
POZZOLO_001	2696.0	68.98050521484816	1137.2645621127972	0.11333574429586601	http://www.videpi.com/videpi/pozzi/dettaglio.asp?cod=4848
LUCERA_007	2704.0	69.02494638122019	1136.9902455850672	0.1133619583685522	http://www.videpi.com/videpi/pozzi/dettaglio.asp?cod=3354
S.CHIRICO_003	1950.0	63.49993348907424	1170.8915009651366	0.11349849633766654	http://www.videpi.com/videpi/pozzi/dettaglio.asp?cod=5548
SPERLINGA_004	2289.0	66.00413475508397	1153.1845534484905	0.11352192931318732	http://www.videpi.com/videpi/pozzi/dettaglio.asp?cod=6233
GALLARE_002	2693.0	68.86047860976437	1137.3422490076082	0.11356864798765304	http://www.videpi.com/videpi/pozzi/dettaglio.asp?cod=2794
LAVELLO_001	2688.0	68.75945202129883	1137.496367180002	0.11372476234868796	http://www.videpi.com/videpi/pozzi/dettaglio.asp?cod=3239
MELFI_001	2687.0	68.74002339262334	1137.5274236655227	0.11375419945471867	http://www.videpi.com/videpi/pozzi/dettaglio.asp?cod=3640
TORRE_001	2475.0	67.11318229982618	1145.2599668052674	0.11407083742279603	http://www.videpi.com/videpi/pozzi/dettaglio.asp?cod=6395
RONCOPASCOLO_001	2250.0	65.36943704389003	1154.8289023940697	0.11435666014715308	http://www.videpi.com/videpi/pozzi/dettaglio.asp?cod=5369
LOREDANA_001	4213.0	78.19523511860397	1101.9220280968968	0.11457401662565858	http://www.videpi.com/videpi/pozzi/dettaglio.asp?cod=3340
LISSONE_001	1865.0	62.29999408568024	1175.8873839866346	0.1148382139914728	http://www.videpi.com/videpi/pozzi/dettaglio.asp?cod=3324
TURSI_MONTE_S.ARCANGELO_001	3404.0	73.07753450290615	1117.4540660778703	0.11484266229537977	http://www.videpi.com/videpi/pozzi/dettaglio.asp?cod=6680
GRADELLA_001	2367.0	65.94837521335275	1149.5332091182386	0.11500947571554443	http://www.videpi.com/videpi/pozzi/dettaglio.asp?cod=3034
RIPALTA_042_PROFONDO	2600.0	67.57955410101847	1140.4320004450549	0.11507430048573723	http://www.videpi.com/videpi/pozzi/dettaglio.asp?cod=5234
RUBICONE_001	5550.0	85.50001357565955	1084.7022912869652	0.11510711034167598	http://www.videpi.com/videpi/pozzi/dettaglio.asp?cod=5481
MONTEPELATO_001	1256.0	57.54126302590986	1234.7841398177109	0.11519168351555448	http://www.videpi.com/videpi/pozzi/dettaglio.asp?cod=3991
AGNADELLO_001	2360.0	65.77561366364557	1149.784962723674	0.11530679520439958	http://www.videpi.com/videpi/pozzi/dettaglio.asp?cod=32
VARIGNANA_001	2637.0	67.73868304979781	1139.0896828253537	0.11531692801023227	http://www.videpi.com/videpi/pozzi/dettaglio.asp?cod=6786
PAESE_001_DIR	2599.0	67.45305534877264	1140.4343657708732	0.11536411029168137	http://www.videpi.com/videpi/pozzi/dettaglio.asp?cod=4225
S.MARIA_DEL_BOSCO_001	3388.0	72.75240728168023	1117.7995746943425	0.11537463789201813	http://www.videpi.com/videpi/pozzi/dettaglio.asp?cod=5659
PETRELLI_001	2272.0	65.10842909147473	1153.6423160049906	0.11537807519609908	http://www.videpi.com/videpi/pozzi/dettaglio.asp?cod=4362
CASALBORE_001	2180.0	64.38497997313289	1157.9574017296554	0.1155000580608747	http://www.videpi.com/videpi/pozzi/dettaglio.asp?cod=1256
S.CHIRICO_001	1912.0	62.37321654640408	1172.7081520668671	0.11553044380014216	http://www.videpi.com/videpi/pozzi/dettaglio.asp?cod=5546
LAVELLO_002	2626.0	67.42965603214965	1139.4135758793816	0.11588336823317946	http://www.videpi.com/videpi/pozzi/dettaglio.asp?cod=3240
MONTE_VERRUTOLI_001	1845.0	61.71673257921473	1176.912549758419	0.11589854392357926	http://www.videpi.com/videpi/pozzi/dettaglio.asp?cod=3951
SIVIZZOLA_001	2251.0	64.74098578366366	1154.5137667792728	0.11590432184334178	http://www.videpi.com/videpi/pozzi/dettaglio.asp?cod=6191
BRUGHERIO_008	1816.0	61.467402857622716	1178.8458415123623	0.11597021139603783	http://www.videpi.com/videpi/pozzi/dettaglio.asp?cod=945
CAPOROTONDO_001	3280.0	71.77809254282602	1120.3232863863784	0.11604034430922142	http://www.videpi.com/videpi/pozzi/dettaglio.asp?cod=1213
REZZANO_001	2608.0	67.21614663153868	1140.0276334855052	0.11609831127237831	http://www.videpi.com/videpi/pozzi/dettaglio.asp?cod=5135
MONTEPELATO_004	1406.0	58.28346131045458	1214.9579842222747	0.11610319212385818	http://www.videpi.com/videpi/pozzi/dettaglio.asp?cod=3995
PENNADOMO_002	1901.0	62.029106742557474	1173.2275043397667	0.11617679724002161	http://www.videpi.com/videpi/pozzi/dettaglio.asp?cod=4317
IELSI_001_BIS	2607.0	67.13989151349439	1140.0438212737995	0.11626907052200955	http://www.videpi.com/videpi/pozzi/dettaglio.asp?cod=3133
ROTELLO_004	2485.0	66.27309512311007	1144.5747928449898	0.11628331861490711	http://www.videpi.com/videpi/pozzi/dettaglio.asp?cod=5433
ROTELLO_003	2341.0	65.19434929823383	1150.4285311593478	0.11639986994229401	http://www.videpi.com/videpi/pozzi/dettaglio.asp?cod=5432
S.CRISTOFORO_001	2601.0	67.04272675125625	1140.242561571998	0.11640531054201192	http://www.videpi.com/videpi/pozzi/dettaglio.asp?cod=5560
MONTE_CHIANCONE_001	2596.0	66.92536970681421	1140.3982408844142	0.11660938044542613	http://www.videpi.com/videpi/pozzi/dettaglio.asp?cod=3892
CAMPANA_001	3190.0	70.93525225460405	1122.5236949316209	0.11666365326068401	http://www.videpi.com/videpi/pozzi/dettaglio.asp?cod=1091
RIVARA_002	1180.0	56.3550224594808	1245.6315925576428	0.11680527960965717	http://www.videpi.com/videpi/pozzi/dettaglio.asp?cod=5327
S.LEUCIO_001	2463.0	65.87455124402894	1145.3522414890454	0.1168854586018993	http://www.videpi.com/videpi/pozzi/dettaglio.asp?cod=5642
CONA_002	1003.0	55.07855400432454	1278.4113556256025	0.1170275744862096	http://www.videpi.com/videpi/pozzi/dettaglio.asp?cod=1897
SENIGA_001	2554.0	66.3883735342343	1141.8531973933982	0.11721317526555063	http://www.videpi.com/videpi/pozzi/dettaglio.asp?cod=6048
FIUME_ASTURA_001_DIR	1296.0	56.97514785969251	1228.033301927609	0.11733765208340455	http://www.videpi.com/videpi/pozzi/dettaglio.asp?cod=2578
RIO_CIANO_001	4202.0	76.93943036520676	1102.0861485566754	0.11744320354011123	http://www.videpi.com/videpi/pozzi/dettaglio.asp?cod=5158
COLLE_TAVO_001	3346.0	71.61485639252543	1118.6833029164204	0.11749888082522832	http://www.videpi.com/videpi/pozzi/dettaglio.asp?cod=1855
CAMURANA_001	1113.0	55.61450903710527	1256.8034046256985	0.11752589706286082	http://www.videpi.com/videpi/pozzi/dettaglio.asp?cod=1110
VIGATTO_010_DIR	994.0	54.729350699576216	1280.0025140235775	0.11778996759796648	http://www.videpi.com/videpi/pozzi/dettaglio.asp?cod=6872
PONTEDERA_001	784.0	53.00915804929885	1322.6282261635208	0.11780651820506809	http://www.videpi.com/videpi/pozzi/dettaglio.asp?cod=4602
CREMONA_SUD_001	2559.0	66.18000009339349	1141.5961008525312	0.11782814672081725	http://www.videpi.com/videpi/pozzi/dettaglio.asp?cod=2213
CRETAGNA_001	1871.0	61.13553777506366	1174.683873174253	0.11786121257198644	http://www.videpi.com/videpi/pozzi/dettaglio.asp?cod=2233
TORRENTE_RIGLIO_001_DIR	3823.0	74.46545452879201	1108.678246293246	0.11789137125530917	http://www.videpi.com/videpi/pozzi/dettaglio.asp?cod=6431
TORRENTE_TESINO_001	4233.0	76.93755117144693	1101.5869972970913	0.11790451879790488	http://www.videpi.com/videpi/pozzi/dettaglio.asp?cod=6446
ROTONDELLA_004	4104.0	76.07387055658754	1103.6919342860997	0.11813987658281135	http://www.videpi.com/videpi/pozzi/dettaglio.asp?cod=5441
RECOLETA_001	2999.0	68.91816440644206	1127.4769876921157	0.11854634411750069	http://www.videpi.com/videpi/pozzi/dettaglio.asp?cod=5092
GHEDI_001	2402.0	64.7818931105077	1147.5592519250201	0.11855286107280814	http://www.videpi.com/videpi/pozzi/dettaglio.asp?cod=2955
GALLARE_003	2537.0	65.74033666491404	1142.3186788744824	0.1185551542192489	http://www.videpi.com/videpi/pozzi/dettaglio.asp?cod=2795
TORRICELLA_PELIGNA_002	2472.0	65.26555082424738	1144.7752928399007	0.11859304922033968	http://www.videpi.com/videpi/pozzi/dettaglio.asp?cod=6499
BEVILACQUA_001	1098.0	55.07851861784926	1258.951382451692	0.11865810909971888	http://www.videpi.com/videpi/pozzi/dettaglio.asp?cod=769
RAPAGNANO_004	3143.0	69.78440200365462	1123.6074328998145	0.11877744492549754	http://www.videpi.com/videpi/pozzi/dettaglio.asp?cod=4997
LUCERA_003	2502.0	65.16733325338208	1143.5243262151644	0.1193985434914945	http://www.videpi.com/videpi/pozzi/dettaglio.asp?cod=3350
MONTE_ROTARO_001	2496.0	65.11947161327267	1143.74985494126	0.11941261935329518	http://www.videpi.com/videpi/pozzi/dettaglio.asp?cod=3938
POGGIOFIORITO_006	1766.0	59.72956206511036	1181.3053302688706	0.1194422426011166	http://www.videpi.com/videpi/pozzi/dettaglio.asp?cod=4555
SINELLO_001	1620.0	58.599898940613926	1192.5481221139821	0.11947762045085938	http://www.videpi.com/videpi/pozzi/dettaglio.asp?cod=6187
CROTONE_001	2507.0	65.14271137331903	1143.3161012672385	0.11955517098074521	http://www.videpi.com/videpi/pozzi/dettaglio.asp?cod=2243
SERRA_PIZZUTA_001	2505.0	65.09972301494723	1143.3820476446824	0.11963063720293912	http://www.videpi.com/videpi/pozzi/dettaglio.asp?cod=6126
MONTE_CIGLIANO_001	2497.0	65.03781874339565	1143.682687917225	0.11964453386494729	http://www.videpi.com/videpi/pozzi/dettaglio.asp?cod=3895
CORTE_MEZZO_001	2504.0	65.08177613903862	1143.4162009630475	0.11965911304146547	http://www.videpi.com/videpi/pozzi/dettaglio.asp?cod=2033
TORRE_FIORENTINA_001	2493.0	64.97648966297895	1143.823562451728	0.11973104841079718	http://www.videpi.com/videpi/pozzi/dettaglio.asp?cod=6399
CALVINO_001	2502.0	65.03947141258539	1143.4824565565991	0.1197329109500739	http://www.videpi.com/videpi/pozzi/dettaglio.asp?cod=1079
TRIGNO_004	1834.0	60.13561232240805	1176.5778899555075	0.11973528254358617	http://www.videpi.com/videpi/pozzi/dettaglio.asp?cod=6653
LAMBRATE_003_DIR	1766.0	59.551619001675604	1181.1643754728238	0.11991293143023492	http://www.videpi.com/videpi/pozzi/dettaglio.asp?cod=3216
SERRA_D'OLIVO_001	2496.0	64.9201303256499	1143.6840633143956	0.11993489334460253	http://www.videpi.com/videpi/pozzi/dettaglio.asp?cod=6123
GISSI_002	1917.0	60.66970738676086	1171.2762679540388	0.11998252038942436	http://www.videpi.com/videpi/pozzi/dettaglio.asp?cod=3017
BARICELLA_003	1703.0	59.02411603379183	1185.7363562312994	0.12003702401196892	http://www.videpi.com/videpi/pozzi/dettaglio.asp?cod=674
ANNUNZIATA_001_DIR	1828.0	59.84002067981987	1176.7901200682336	0.12040067665976284	http://www.videpi.com/videpi/pozzi/dettaglio.asp?cod=301
BUDRIO_003	2700.0	66.13899923388156	1136.4024372120955	0.12048361972612272	http://www.videpi.com/videpi/pozzi/dettaglio.asp?cod=975
CAMPOBELLO_001	967.0	53.538537344301794	1284.7661889727606	0.12054305214538848	http://www.videpi.com/videpi/pozzi/dettaglio.asp?cod=1100
VALLETTA_001_DIR	2472.0	64.48331520970285	1144.5098666410324	0.12064114678827845	http://www.videpi.com/videpi/pozzi/dettaglio.asp?cod=6769
ALTAVILLA_001	3266.0	69.8495910202736	1120.4356674108667	0.12069870083621369	http://www.videpi.com/videpi/pozzi/dettaglio.asp?cod=156
TIDONE_001	2380.0	63.79416212471676	1148.1478731108773	0.12072975782944599	http://www.videpi.com/videpi/pozzi/dettaglio.asp?cod=6352
CASCINA_S.FRANCESCO_001	2456.0	64.28328095079637	1145.0977224400372	0.12087188188829087	http://www.videpi.com/videpi/pozzi/dettaglio.asp?cod=1281
MONTEBELLUNA_001	2463.0	64.25999761990185	1144.801467386833	0.12106736692814375	http://www.videpi.com/videpi/pozzi/dettaglio.asp?cod=3953
MONCHIO_DELLE_CORTI_001	1307.0	55.61200390136271	1224.5360000789276	0.12112736876291655	http://www.videpi.com/videpi/pozzi/dettaglio.asp?cod=3814
LOCATE_TRIULZI_001	2200.0	62.27786638079739	1155.9458721939623	0.12130290948826303	http://www.videpi.com/videpi/pozzi/dettaglio.asp?cod=3331
BIVONA_003	2455.0	64.09955284537791	1145.0747366712371	0.12134604120558704	http://www.videpi.com/videpi/pozzi/dettaglio.asp?cod=790
MONTESOTTANO_002	2455.0	64.08802421502148	1145.0706955650955	0.12137711960843885	http://www.videpi.com/videpi/pozzi/dettaglio.asp?cod=4009
ACCIARELLA_001	1044.0	53.699237824269524	1267.9625797251952	0.12142190030755874	http://www.videpi.com/videpi/pozzi/dettaglio.asp?cod=14
S.GIORGIO_DI_PIANO_001	2404.0	63.679584420982536	1147.0663147589216	0.12149911063991278	http://www.videpi.com/videpi/pozzi/dettaglio.asp?cod=5583
FRASCAROSSA_001	2450.0	64.00041767628535	1145.2464387510931	0.12151773528536333	http://www.videpi.com/videpi/pozzi/dettaglio.asp?cod=2698
BIMMISCA_001	3169.0	68.85771876857721	1122.781642756909	0.12165249704494806	http://www.videpi.com/videpi/pozzi/dettaglio.asp?cod=785
VITTORIO_VENETO_001	2445.0	63.882904520732225	1145.4120034932166	0.12173972156844558	http://www.videpi.com/videpi/pozzi/dettaglio.asp?cod=6934
LARZANO_001	2442.0	63.840892401534774	1145.521662591902	0.1217958605616815	http://www.videpi.com/videpi/pozzi/dettaglio.asp?cod=3227
BOSCO_ROSSO_001	5446.0	82.21351394098845	1085.9310987086346	0.12189329107629542	http://www.videpi.com/videpi/pozzi/dettaglio.asp?cod=889
