Name	Depth[m]	T_down [C]	l_horiz [m]	LCOH [cEURO/kWh]	W_dot [MW]	link
SUVIANA_001	7810.0	237.25386677414593	1314.868175279823	0.020859876326642556	2.059541582888915	http://www.videpi.com/videpi/pozzi/dettaglio.asp?cod=6310
S.BARTOLOMEO_004	7104.0	204.08272544137193	1313.8471498421725	0.024224502095185604	1.7722650154983903	http://www.videpi.com/videpi/pozzi/dettaglio.asp?cod=5518
BRIGNANO_002	6947.0	195.72192793610532	1313.6074958348672	0.0252539682143684	1.6997449314973503	http://www.videpi.com/videpi/pozzi/dettaglio.asp?cod=918
SETTIMO_MILANESE_001	6620.0	193.59777008738814	1313.8527464781305	0.02552126325304629	1.6822207847605701	http://www.videpi.com/videpi/pozzi/dettaglio.asp?cod=6173
MALOSSA_002	6471.0	189.0335325871491	1313.7949142586322	0.026132528960106434	1.6428079515101224	http://www.videpi.com/videpi/pozzi/dettaglio.asp?cod=3454
BRIGNANO_001	6503.0	188.91272548864413	1313.7555336208763	0.026150217404916107	1.6416531615956906	http://www.videpi.com/videpi/pozzi/dettaglio.asp?cod=917
S.GENESIO_001	6150.0	182.7366816158193	1313.842890611786	0.027022247931072017	1.588769167797541	http://www.videpi.com/videpi/pozzi/dettaglio.asp?cod=5577
MALOSSA_003	6173.0	180.09353948625022	1313.7001709630435	0.02741950909561505	1.5656000735237587	http://www.videpi.com/videpi/pozzi/dettaglio.asp?cod=3455
MALOSSA_004	6197.0	179.40228010082416	1313.6447095217413	0.027525968044016583	1.559486697833084	http://www.videpi.com/videpi/pozzi/dettaglio.asp?cod=3456
VALLE_SALIMBENE_001	6011.0	175.32790938547635	1313.6596449678461	0.02815913646602578	1.5244364160881216	http://www.videpi.com/videpi/pozzi/dettaglio.asp?cod=6712
REA_001_DIR	6257.0	173.12376602054152	1313.3148160324722	0.028526718392245114	1.504443575614005	http://www.videpi.com/videpi/pozzi/dettaglio.asp?cod=5086
MALOSSA_008	5927.0	172.7500623115325	1313.635981218533	0.028576374273817033	1.5021544755811405	http://www.videpi.com/videpi/pozzi/dettaglio.asp?cod=3459
S.BARTOLOMEO_002	6145.0	171.24700207644432	1313.3506253927624	0.028835385875636336	1.488375227504287	http://www.videpi.com/videpi/pozzi/dettaglio.asp?cod=5517
MALOSSA_010	5830.0	169.81239156966203	1313.6120906666881	0.02906726479201939	1.4767621824953738	http://www.videpi.com/videpi/pozzi/dettaglio.asp?cod=3461
MALOSSA_007	5700.0	165.4850297034315	1313.5672375669046	0.02982266055229435	1.4393128943836908	http://www.videpi.com/videpi/pozzi/dettaglio.asp?cod=3458
SALI_VERCELLESE_001	5806.0	164.42713115781194	1313.4173119966033	0.030018888193733963	1.4297599131583716	http://www.videpi.com/videpi/pozzi/dettaglio.asp?cod=5928
MALOSSA_013	5651.0	164.3233725283638	1313.5702770894034	0.03003166469882213	1.429298982762589	http://www.videpi.com/videpi/pozzi/dettaglio.asp?cod=3464
RADICOFANI_001	2011.0	96.82427409427041	2211.853958981435	0.030054578412609067	2.4432097765533975	http://www.videpi.com/videpi/pozzi/dettaglio.asp?cod=4896
MALOSSA_012	5621.0	163.43710381142893	1313.565277463224	0.030193414970165883	1.4216372417152912	http://www.videpi.com/videpi/pozzi/dettaglio.asp?cod=3463
MALOSSA_009	5558.0	161.34092287452143	1313.5460886486594	0.03058338744629259	1.403491623109923	http://www.videpi.com/videpi/pozzi/dettaglio.asp?cod=3460
MALOSSA_001	5545.0	161.15507470871495	1313.551952598747	0.030618147188460513	1.4019038269479067	http://www.videpi.com/videpi/pozzi/dettaglio.asp?cod=3453
MALOSSA_015	5497.0	159.60581100692957	1313.5399413586629	0.03091357522359318	1.3884951821467202	http://www.videpi.com/videpi/pozzi/dettaglio.asp?cod=3466
BELVEDERE_001	7267.0	159.51101757930044	1311.8217385134317	0.03100911075387067	1.3826150554101237	http://www.videpi.com/videpi/pozzi/dettaglio.asp?cod=755
MALOSSA_011	5450.0	158.28691861737752	1313.5363609754868	0.03116937547791258	1.3770967826939962	http://www.videpi.com/videpi/pozzi/dettaglio.asp?cod=3462
MALOSSA_014	5421.0	157.4351268110115	1313.5328890070716	0.031336918137743246	1.3697309373301485	http://www.videpi.com/videpi/pozzi/dettaglio.asp?cod=3465
LEGNARO_001_DIR	4989.0	154.5622961164716	1313.8618562072866	0.031900909556974534	1.345813133495851	http://www.videpi.com/videpi/pozzi/dettaglio.asp?cod=3255
PONTE_DELL'OLIO_001	5325.0	153.667103081053	1313.4870628319786	0.032101810397653585	1.3370529605076023	http://www.videpi.com/videpi/pozzi/dettaglio.asp?cod=4585
MONTE_CIVITELLO_001	5600.0	153.0091002320768	1313.1885754342145	0.032252523876137744	1.3305373234862683	http://www.videpi.com/videpi/pozzi/dettaglio.asp?cod=3896
MARTINENGO_001	6904.0	153.19327468495314	1311.9443431854834	0.03227489743385211	1.3285002020268537	http://www.videpi.com/videpi/pozzi/dettaglio.asp?cod=3525
CHIARI_001	6840.0	151.79965012288346	1311.95739360554	0.03256905460298151	1.3165130387853894	http://www.videpi.com/videpi/pozzi/dettaglio.asp?cod=1673
MOLINARA_NORD_001	5400.0	149.64138712170106	1313.2652115652545	0.032970042620430594	1.3016484059590998	http://www.videpi.com/videpi/pozzi/dettaglio.asp?cod=3806
LAMA_DEI_CERRI_001	5811.0	148.8098886035472	1312.8329965123799	0.033174408551990775	1.2932529845764593	http://www.videpi.com/videpi/pozzi/dettaglio.asp?cod=3212
S.BARTOLOMEO_001	5277.0	147.84406800898142	1313.3232897427526	0.033365531384839206	1.2862700379725147	http://www.videpi.com/videpi/pozzi/dettaglio.asp?cod=5516
ERACLEA_SICILIA_001	2019.0	84.31463772605548	1151.0809607630342	0.03337540343487258	1.14969843984424	http://www.videpi.com/videpi/pozzi/dettaglio.asp?cod=2478
S.DONATO_001	4763.0	147.07124005199026	1313.8120832964253	0.03351636666927048	1.280903252474133	http://www.videpi.com/videpi/pozzi/dettaglio.asp?cod=5566
MALPAGA_001	6704.0	146.18202877514236	1311.9021907702997	0.03381799316626106	1.2678454616581816	http://www.videpi.com/videpi/pozzi/dettaglio.asp?cod=3469
VILLA_DEGNA_001	6907.0	142.9174539984177	1311.5980968426657	0.03460448352140694	1.2387758520957728	http://www.videpi.com/videpi/pozzi/dettaglio.asp?cod=6879
MONTEFREDDO_002	5019.0	135.50100132004928	1313.1614057043837	0.03639641151060223	1.1790283483976922	http://www.videpi.com/videpi/pozzi/dettaglio.asp?cod=3974
BRE'_001	5975.0	134.46233801626389	1312.2187605903182	0.03673387566478933	1.1674548554257977	http://www.videpi.com/videpi/pozzi/dettaglio.asp?cod=904
TOLOMEI_001_DIR	1517.0	70.5849345302572	2084.820308213899	0.0367383659583699	1.866354407993197	http://www.videpi.com/videpi/pozzi/dettaglio.asp?cod=6388
MANFRIA_002	5910.0	133.2008818553602	1312.242196648212	0.037079043174014975	1.1566053338093563	http://www.videpi.com/videpi/pozzi/dettaglio.asp?cod=3480
PRATOMAGNO_001	4259.0	132.7697723251886	1313.8299511739833	0.0371031123445244	1.1570926883300037	http://www.videpi.com/videpi/pozzi/dettaglio.asp?cod=4851
RABBITO_001	4974.0	131.7282662603705	1313.0864140169683	0.037438451836340196	1.1461540173073184	http://www.videpi.com/videpi/pozzi/dettaglio.asp?cod=4891
CISINA_007	1410.0	67.27325350527026	2421.4145539663828	0.03747498445155275	2.1840356417715383	http://www.videpi.com/videpi/pozzi/dettaglio.asp?cod=1778
CASTELNOVO_001	6513.0	131.1805568267795	1311.6159693216346	0.037690073172239845	1.1373741564480195	http://www.videpi.com/videpi/pozzi/dettaglio.asp?cod=1365
SARSINA_001	5772.0	130.43579055859541	1312.290587725926	0.037859247603144436	1.1328069353758998	http://www.videpi.com/videpi/pozzi/dettaglio.asp?cod=5980
FERRARA_001	4743.0	129.68479010111412	1313.2494834301579	0.03801576376497464	1.1288724530127618	http://www.videpi.com/videpi/pozzi/dettaglio.asp?cod=2555
ROMA	1330.0	65.46358274559823	2401.123585233966	0.038022904219391744	2.1305630979430776	http://www.videpi.com/videpi/pozzi/dettaglio.asp?cod=5352
LAIATICO_001	2070.0	129.02837709085009	1316.0328180252995	0.03805746871298875	1.1297519084376335	http://www.videpi.com/videpi/pozzi/dettaglio.asp?cod=3210
S.FELE_001	5315.0	128.11618091135466	1312.6503806021844	0.038517943103904065	1.1137048973836843	http://www.videpi.com/videpi/pozzi/dettaglio.asp?cod=5570
LACCHIARELLA_002	5107.0	127.14451945426461	1312.8190622813067	0.03879990864241209	1.1057371370373485	http://www.videpi.com/videpi/pozzi/dettaglio.asp?cod=3206
MODIGLIANA_001	5057.0	126.1363411169285	1312.8379674641901	0.03910767474349524	1.0970492853663933	http://www.videpi.com/videpi/pozzi/dettaglio.asp?cod=3801
GUARDIOLA_001	2035.0	67.8318541610272	1132.9864788002365	0.039459809672273034	0.960039772719737	http://www.videpi.com/videpi/pozzi/dettaglio.asp?cod=3106
PACHINO_004	5003.0	124.94701787591822	1312.8558424422922	0.039477440679867665	1.0867868542521157	http://www.videpi.com/videpi/pozzi/dettaglio.asp?cod=4223
VOLPEDO_004	5625.0	124.36177577344898	1312.234990521385	0.03970531245749891	1.0800975512512627	http://www.videpi.com/videpi/pozzi/dettaglio.asp?cod=6951
MONTEPELATO_004	1406.0	58.28346131045458	2308.0891242570806	0.04038439976467773	1.9124677797553202	http://www.videpi.com/videpi/pozzi/dettaglio.asp?cod=3995
CAMPOBASSO_001	5860.0	122.19678450415864	1311.962271409543	0.040427986443107994	1.060595142988265	http://www.videpi.com/videpi/pozzi/dettaglio.asp?cod=1099
VILLALFONSINA_002	2015.0	65.3027847211115	1129.6158477421477	0.040605736672439705	0.9307149005838956	http://www.videpi.com/videpi/pozzi/dettaglio.asp?cod=6908
SETTEFARINE_001	4715.0	120.7074232674084	1313.0134012487576	0.04084820347358522	1.0504285781230267	http://www.videpi.com/videpi/pozzi/dettaglio.asp?cod=6167
FIUME_ASTURA_001_DIR	1296.0	56.97514785969251	2291.39519100078	0.040855402968042256	1.8740851967952843	http://www.videpi.com/videpi/pozzi/dettaglio.asp?cod=2578
CALTAGIRONE_001	4176.0	120.24718007499618	1313.5286556710162	0.040968184878231374	1.0477160245635304	http://www.videpi.com/videpi/pozzi/dettaglio.asp?cod=1075
SCICLI_001	4704.0	119.94368112135959	1313.0031982718165	0.041108240893341697	1.0437767288197612	http://www.videpi.com/videpi/pozzi/dettaglio.asp?cod=6003
BAGNOLO_IN_PIANO_002	5733.0	119.93439824338012	1312.018663339842	0.04118461452551079	1.0411498774087757	http://www.videpi.com/videpi/pozzi/dettaglio.asp?cod=460
MONCHIO_DELLE_CORTI_001	1307.0	55.61200390136271	2471.5667260273176	0.0412938554104858	2.032603597485754	http://www.videpi.com/videpi/pozzi/dettaglio.asp?cod=3814
FORENZA_002	2034.0	55.437301624790855	2259.7714138506294	0.04141184687204576	1.8185827754044945	http://www.videpi.com/videpi/pozzi/dettaglio.asp?cod=2668
BRUGHERIO_001	1505.0	54.91973921267907	2456.1662844050725	0.04153016450139311	2.0055319928316857	http://www.videpi.com/videpi/pozzi/dettaglio.asp?cod=938
S.GREGORIO_MAGNO_001_BIS	5901.0	118.96957751507239	1311.8412898279657	0.04153247905863062	1.0323060301857339	http://www.videpi.com/videpi/pozzi/dettaglio.asp?cod=5638
MARAGONE_001	4425.0	118.54898332175962	1313.2340292735526	0.041573549484906096	1.0322549319657175	http://www.videpi.com/videpi/pozzi/dettaglio.asp?cod=3489
CERTALDO_004	2654.0	117.76899870559777	1315.0269191685268	0.04172974348908031	1.0296343493327926	http://www.videpi.com/videpi/pozzi/dettaglio.asp?cod=1595
FUSIGNANO_001	5664.0	117.89542829348522	1312.028928862665	0.04189475957832323	1.023508753316844	http://www.videpi.com/videpi/pozzi/dettaglio.asp?cod=2722
CORVI_001	1281.0	53.42718298643936	2432.268114591306	0.0420714958420195	1.9560996559742465	http://www.videpi.com/videpi/pozzi/dettaglio.asp?cod=2170
PANIZZA_001	4903.0	116.59624117694572	1312.7018508927974	0.04230641621947751	1.0140095549855006	http://www.videpi.com/videpi/pozzi/dettaglio.asp?cod=4299
CAPIZZI_001	2013.0	55.38840412961025	1963.5637397340145	0.042332114596145734	1.5140697184124097	http://www.videpi.com/videpi/pozzi/dettaglio.asp?cod=1201
BRUGHERIO_005	1336.0	52.62753429229471	2416.4973541146683	0.042363678739808876	1.927206671467099	http://www.videpi.com/videpi/pozzi/dettaglio.asp?cod=942
APRAMO_001	1359.0	52.29585701579971	2409.8856812100357	0.0424864468407207	1.915219052167729	http://www.videpi.com/videpi/pozzi/dettaglio.asp?cod=341
BRUGHERIO_011	1350.0	52.147116876565164	2407.199064325757	0.042542339032165206	1.9101013077997364	http://www.videpi.com/videpi/pozzi/dettaglio.asp?cod=948
TRENNO_001	4500.0	115.19664934071096	1313.0725978165685	0.042791998165949724	1.0027536505748798	http://www.videpi.com/videpi/pozzi/dettaglio.asp?cod=6608
BRUGHERIO_021_DIR	1262.0	51.24947411326772	2391.3252404425016	0.04288454313451304	1.8796494175399154	http://www.videpi.com/videpi/pozzi/dettaglio.asp?cod=959
DOGARO_002	1300.0	51.17077462420014	2389.2298381927576	0.04291364580182726	1.876373209772969	http://www.videpi.com/videpi/pozzi/dettaglio.asp?cod=2361
SCALDAFERRO_001	1270.0	51.091816574111014	2388.1521387598887	0.04294472978098466	1.873986857938156	http://www.videpi.com/videpi/pozzi/dettaglio.asp?cod=5989
PIEVE_S.STEFANO_001	4936.0	114.66207183010911	1312.6206861665078	0.04302491782166727	0.9970213856789998	http://www.videpi.com/videpi/pozzi/dettaglio.asp?cod=4417
CESAROLO_001	4332.0	114.18107332337776	1313.2082101047351	0.043161089163815	0.994269503694001	http://www.videpi.com/videpi/pozzi/dettaglio.asp?cod=1652
GALLARE_001	4956.0	114.12268021090101	1312.5880661737485	0.04323050026568077	0.9922582354305878	http://www.videpi.com/videpi/pozzi/dettaglio.asp?cod=2793
VIZZINI_001	5507.0	114.18540120079335	1312.0783067916009	0.043249559317436355	0.991480176538743	http://www.videpi.com/videpi/pozzi/dettaglio.asp?cod=6938
BRUGHERIO_SUD_001_DIR_BIS	1260.0	50.18183714358587	2370.4972024228055	0.04329800314305551	1.8420328494367921	http://www.videpi.com/videpi/pozzi/dettaglio.asp?cod=968
MAIERO_002	1504.0	50.13290708131579	2365.8779532905373	0.043311078806600824	1.837131397977766	http://www.videpi.com/videpi/pozzi/dettaglio.asp?cod=3435
MASSERIA_CUPOLO_001	1410.0	50.09993616792664	2366.6337580969735	0.04332634743499331	1.8371943343809631	http://www.videpi.com/videpi/pozzi/dettaglio.asp?cod=3579
PERUGIA_002	1504.0	50.091427843072836	2365.0585038279987	0.04332738128115569	1.8356701620715805	http://www.videpi.com/videpi/pozzi/dettaglio.asp?cod=4347
GROTTOLE_031	1502.0	50.06031725096494	2364.473646148216	0.0433396676700103	1.8346004698706486	http://www.videpi.com/videpi/pozzi/dettaglio.asp?cod=3094
STINGI_001	1501.0	50.04520218355761	2364.182416545635	0.043345640915628945	1.8340742012836446	http://www.videpi.com/videpi/pozzi/dettaglio.asp?cod=6298
SEGRATE_002	1498.0	50.031490900077465	2363.9561494854715	0.043351111991382786	1.8336303214791208	http://www.videpi.com/videpi/pozzi/dettaglio.asp?cod=6014
PIZZO_BELLAFONTANA_001	3608.0	113.2399871794722	1313.902084272643	0.04346695098622817	0.9877349556846718	http://www.videpi.com/videpi/pozzi/dettaglio.asp?cod=4478
CELENZA_002	4911.0	113.40346784996997	1312.612082388243	0.04350212638343189	0.9860785656752603	http://www.videpi.com/videpi/pozzi/dettaglio.asp?cod=1513
MONTELONGO_001	4102.0	112.74107001480263	1313.394620586707	0.04369637877814544	0.9822128927855915	http://www.videpi.com/videpi/pozzi/dettaglio.asp?cod=3985
TORRENTE_MANNARA_006	1405.0	48.959204067619595	2343.903094939263	0.04378098706693755	1.7970380143840767	http://www.videpi.com/videpi/pozzi/dettaglio.asp?cod=6423
CERNUSCO_006	1365.0	48.62353393017477	2337.6938989636774	0.04391806901204989	1.785712003398265	http://www.videpi.com/videpi/pozzi/dettaglio.asp?cod=1573
RAVIZZA_001	4700.0	112.09540471251798	1312.778457702058	0.04399488960145729	0.9751433867431986	http://www.videpi.com/videpi/pozzi/dettaglio.asp?cod=5081
LONGASTRINO_006	1500.0	48.34922927468424	2330.083709084043	0.044027110937072726	1.774313253401419	http://www.videpi.com/videpi/pozzi/dettaglio.asp?cod=3339
FIUME_BASENTO_005_DIR	1305.0	48.049979652511	2430.534877471616	0.04410359292441372	1.864342304561808	http://www.videpi.com/videpi/pozzi/dettaglio.asp?cod=2583
TORRENTE_MANNARA_004	1308.0	48.0257067454733	2429.9356183366867	0.04411309295502353	1.8633778881669913	http://www.videpi.com/videpi/pozzi/dettaglio.asp?cod=6421
COLLE_SCALELLA_003	1401.0	47.919645449180244	2426.0364160441272	0.04415228048258401	1.8580667708681713	http://www.videpi.com/videpi/pozzi/dettaglio.asp?cod=1850
PETACCIATO_001	1504.0	47.68654283648315	2419.0701321686684	0.044241956980219224	1.8477893312421392	http://www.videpi.com/videpi/pozzi/dettaglio.asp?cod=4360
SARTIRANA_001	5705.0	111.56886879409225	1311.8330912684687	0.044284660692605934	0.9681454233209398	http://www.videpi.com/videpi/pozzi/dettaglio.asp?cod=5981
CHIEUTI_013	1403.0	47.44550898045715	2415.153046832561	0.0443412802289967	1.8400027137623676	http://www.videpi.com/videpi/pozzi/dettaglio.asp?cod=1692
COLLE_TURCHESE_001_DIR	1354.0	46.81306861679824	2401.305754687311	0.044598346624061654	1.816607391180341	http://www.videpi.com/videpi/pozzi/dettaglio.asp?cod=1857
TERMOLI_001	1328.0	46.543409496477445	2395.429747648407	0.044709320107483935	1.8066992282111392	http://www.videpi.com/videpi/pozzi/dettaglio.asp?cod=6342
MIGLIARINO_002	1494.0	46.48033342800658	2391.312311899754	0.04473062275900625	1.8020624676438495	http://www.videpi.com/videpi/pozzi/dettaglio.asp?cod=3669
RAVIZZA_001_OR_C	4631.0	110.23265303751205	1312.7972341322993	0.04473521008317222	0.9590179315954381	http://www.videpi.com/videpi/pozzi/dettaglio.asp?cod=5084
MASSERIA_VIGNOLA_001	1382.0	46.251936557392995	2387.729684126669	0.04482782593398307	1.794879677057485	http://www.videpi.com/videpi/pozzi/dettaglio.asp?cod=3605
MARINELLA_001	1401.0	46.10129844160974	2383.8730490790736	0.04488969055763241	1.7888887500169641	http://www.videpi.com/videpi/pozzi/dettaglio.asp?cod=3509
VILLAVERLA_001	4235.0	109.71004112516812	1313.1645560474103	0.04491713206397511	0.9553702584630427	http://www.videpi.com/videpi/pozzi/dettaglio.asp?cod=6920
MARINELLA_002	1401.0	46.02677368820138	2382.111468329474	0.0449206440728896	1.7860518277040633	http://www.videpi.com/videpi/pozzi/dettaglio.asp?cod=3510
MORELLO_001	4739.0	109.7799980905985	1312.6834455621038	0.0449290581793684	0.9548069729370978	http://www.videpi.com/videpi/pozzi/dettaglio.asp?cod=4058
TRESIGALLO_010	1350.0	45.94340282254878	2380.95542977915	0.04495672379945707	1.7835669178705282	http://www.videpi.com/videpi/pozzi/dettaglio.asp?cod=6628
GRAZZANO_VISCONTI_001	1501.0	45.839076214207765	2376.0824804070194	0.044996223218957514	1.7775763776247722	http://www.videpi.com/videpi/pozzi/dettaglio.asp?cod=3049
COLLE_DELLE_TANE_001	1360.0	45.794616371141146	2377.2644512094325	0.04501855217383354	1.777766916788827	http://www.videpi.com/videpi/pozzi/dettaglio.asp?cod=1841
TAURASI_001	3476.0	109.2570003850926	1313.9284321912232	0.04504416559851901	0.9531664895420626	http://www.videpi.com/videpi/pozzi/dettaglio.asp?cod=6318
TORRENTE_CIGNO_001	1383.0	45.61582965814407	2372.645033008165	0.04509287982546304	1.7706550248420279	http://www.videpi.com/videpi/pozzi/dettaglio.asp?cod=6413
PASTONELLO_001	3480.0	109.11910798707112	1313.9206856710755	0.04510149326890521	0.9519499680555505	http://www.videpi.com/videpi/pozzi/dettaglio.asp?cod=4307
BOMBA_003	1351.0	45.52505272647454	2370.9890726617846	0.045131914788391146	1.7676271603692306	http://www.videpi.com/videpi/pozzi/dettaglio.asp?cod=804
FERRANDINA_018	1350.0	45.49961148924326	2370.397356628975	0.04514265862049455	1.766672057259435	http://www.videpi.com/videpi/pozzi/dettaglio.asp?cod=2547
CUSANO_MILANINO_001	1499.0	45.43042043443029	2366.379858074157	0.04516796990462237	1.762057944530362	http://www.videpi.com/videpi/pozzi/dettaglio.asp?cod=2282
CESENA_001	1344.0	45.258668293841936	2364.719155525635	0.04524466901520781	1.7575765117807152	http://www.videpi.com/videpi/pozzi/dettaglio.asp?cod=1655
CAVAGLIETTO_002	1500.0	45.22399344302029	2361.41257954879	0.04525537421460478	1.7541880790770956	http://www.videpi.com/videpi/pozzi/dettaglio.asp?cod=1406
GALASSO_001	1365.0	45.20794643240606	2363.166977070372	0.045265644340442314	1.7553666217586386	http://www.videpi.com/videpi/pozzi/dettaglio.asp?cod=2791
BOMBA_001	1340.0	45.19652508514734	2363.2889340375523	0.04527114736295464	1.75526285313636	http://www.videpi.com/videpi/pozzi/dettaglio.asp?cod=802
S.PIETRO_IN_CASALE_007	1364.0	45.177012087944654	2362.4395935000957	0.045278812103402774	1.754202588327514	http://www.videpi.com/videpi/pozzi/dettaglio.asp?cod=5714
MONTESILVANO_001	1496.0	45.150895809779705	2359.7209821250694	0.045286548240188844	1.75146185733619	http://www.videpi.com/videpi/pozzi/dettaglio.asp?cod=4007
BELGIOIOSO_001	1500.0	45.00008210881808	2442.332775839071	0.045313524676910674	1.8253688028968773	http://www.videpi.com/videpi/pozzi/dettaglio.asp?cod=717
TORRENTE_MANNARA_002	1497.0	44.999221728733296	2442.3605074267252	0.045313972246514275	1.8253762161470988	http://www.videpi.com/videpi/pozzi/dettaglio.asp?cod=6419
MONTESTILLO_004	1498.0	44.96167978366463	2441.3651259379853	0.04532937203226543	1.823843288400679	http://www.videpi.com/videpi/pozzi/dettaglio.asp?cod=4013
LUCERA_004	1498.0	44.95668774956811	2441.2345916356394	0.045331425088206014	1.8236410068864592	http://www.videpi.com/videpi/pozzi/dettaglio.asp?cod=3351
RAVIZZA_001_OR_B	4571.0	108.7612076778004	1312.8178314654203	0.04533748874876195	0.9462911486510615	http://www.videpi.com/videpi/pozzi/dettaglio.asp?cod=5083
SERRA_D'OLIVO_002	1500.0	45.02476731910476	2356.6206191746996	0.04534020646596398	1.7466107540924558	http://www.videpi.com/videpi/pozzi/dettaglio.asp?cod=6124
RAVIZZA_001_OR_A	4561.0	108.51596678451514	1312.8213114217376	0.04543945588774648	0.9441698652722675	http://www.videpi.com/videpi/pozzi/dettaglio.asp?cod=5082
FURCI_009	1340.0	44.51083010928361	2432.1957391310802	0.045520795954747596	1.807811926524912	http://www.videpi.com/videpi/pozzi/dettaglio.asp?cod=2721
BAURA_001	1304.0	44.42908878923148	2447.5582326065505	0.04555281363824574	1.8205524782869953	http://www.videpi.com/videpi/pozzi/dettaglio.asp?cod=712
BAGNOLO_IN_PIANO_001	5151.0	108.08278736518477	1312.2557603663827	0.04567198053662267	0.9390048509570812	http://www.videpi.com/videpi/pozzi/dettaglio.asp?cod=459
VIZZOLA_014	1392.0	44.161539467793666	2391.706678954439	0.04567730924490875	1.7650677860778015	http://www.videpi.com/videpi/pozzi/dettaglio.asp?cod=6940
VILLAROSA_002	1393.0	44.126097167796615	2390.775507742431	0.04569237857281685	1.7636501001382456	http://www.videpi.com/videpi/pozzi/dettaglio.asp?cod=6916
CINZANO_001	1382.0	44.08684470366425	2389.9417597299853	0.045709427283712856	1.7622446063593546	http://www.videpi.com/videpi/pozzi/dettaglio.asp?cod=1754
S.PIETRO_IN_CASALE_012	1400.0	44.03658370846267	2388.3476045814004	0.0457303767495358	1.7600088325179433	http://www.videpi.com/videpi/pozzi/dettaglio.asp?cod=5719
CAPECCE_001	1380.0	44.00699743643728	2387.909530730177	0.04574358444909734	1.7591083366578726	http://www.videpi.com/videpi/pozzi/dettaglio.asp?cod=1200
CARRUBO_001	3619.0	107.37988914346964	1313.7351254964092	0.04584438752297906	0.9364068099609442	http://www.videpi.com/videpi/pozzi/dettaglio.asp?cod=1244
RANDAZZO_003	4030.0	107.25330596345682	1313.3029131374203	0.04593197210609905	0.9343490374970412	http://www.videpi.com/videpi/pozzi/dettaglio.asp?cod=4993
LAVELLO_003	2016.0	55.2971514884825	1113.7966995233885	0.04594189716074118	0.8133915762471627	http://www.videpi.com/videpi/pozzi/dettaglio.asp?cod=3241
LIDO_001	1333.0	43.435846429348956	2373.8130317523037	0.04599096037178309	1.7371150148002226	http://www.videpi.com/videpi/pozzi/dettaglio.asp?cod=3297
CROCE_VOLPARE_001	1370.0	43.32466556418716	2370.2895307027807	0.04603829700752891	1.7322073799343716	http://www.videpi.com/videpi/pozzi/dettaglio.asp?cod=2240
TORRENTE_SACCIONE_008	1380.0	43.28219522389195	2369.0098178263715	0.04605653597456456	1.7303888806536074	http://www.videpi.com/videpi/pozzi/dettaglio.asp?cod=6439
SIBARI_001	1364.0	43.27599071472384	2369.1082208212724	0.046059673602981306	1.7303580697812486	http://www.videpi.com/videpi/pozzi/dettaglio.asp?cod=6174
FIUME_BASENTO_006	1362.0	43.254835957826614	2368.591274324278	0.04606895638376831	1.7295521422515674	http://www.videpi.com/videpi/pozzi/dettaglio.asp?cod=2584
VILLAROSA_001	1304.0	43.247783318698474	2369.3476964124825	0.04607361166392198	1.730046435252042	http://www.videpi.com/videpi/pozzi/dettaglio.asp?cod=6915
SELVA_015	1398.0	43.117990610706805	2364.3991233437027	0.04612782593234639	1.7236438077274925	http://www.videpi.com/videpi/pozzi/dettaglio.asp?cod=6030
TRAVASONA_002	1350.0	43.10653675504831	2364.88086277554	0.0461341246489733	1.723833505585689	http://www.videpi.com/videpi/pozzi/dettaglio.asp?cod=6560
MONTEDORO_001	1405.0	43.09153095623651	2363.5874820806343	0.046139236825059354	1.722501639935292	http://www.videpi.com/videpi/pozzi/dettaglio.asp?cod=3967
SERGNANO_037_DIR	1402.0	43.042834589240634	2362.35189045671	0.046160680219018826	1.7206124656442383	http://www.videpi.com/videpi/pozzi/dettaglio.asp?cod=6099
SERGNANO_012	1402.0	43.04061432350804	2362.2932928320183	0.046161654983068824	1.7205244970721174	http://www.videpi.com/videpi/pozzi/dettaglio.asp?cod=6074
MANTELLO_003	1402.0	43.038215989447636	2362.2299926146497	0.04616270799211946	1.72042947326286	http://www.videpi.com/videpi/pozzi/dettaglio.asp?cod=3485
RIZZO_002	1264.0	43.02396864501319	2364.1079423491155	0.04617266257925759	1.7217133771987263	http://www.videpi.com/videpi/pozzi/dettaglio.asp?cod=5336
SERGNANO_032_DIR	1400.0	43.004727174971805	2361.3784051715966	0.04617747148470197	1.71912938599945	http://www.videpi.com/videpi/pozzi/dettaglio.asp?cod=6094
SERGNANO_039_DIR	1398.0	42.96360210374875	2360.3243616928694	0.046195607909473205	1.717526702021482	http://www.videpi.com/videpi/pozzi/dettaglio.asp?cod=6101
VALLEZZA_201	1343.0	42.88188485445295	2359.0596203513833	0.0462330483180922	1.715023867109214	http://www.videpi.com/videpi/pozzi/dettaglio.asp?cod=6772
SERGNANO_041_DIR	1389.0	42.78357189272151	2355.7033505580653	0.04627525023877545	1.7105135735173087	http://www.videpi.com/videpi/pozzi/dettaglio.asp?cod=6103
S.POLO_001_DIR	1367.0	42.77972183279013	2355.959819154703	0.04627752572852022	1.710654495104349	http://www.videpi.com/videpi/pozzi/dettaglio.asp?cod=5731
SERGNANO_042_DIR	1388.0	42.763546411686114	2355.1885477485353	0.04628413354675983	1.7097336936489802	http://www.videpi.com/videpi/pozzi/dettaglio.asp?cod=6104
SERGNANO_034_DIR	1386.0	42.72281790272373	2354.1336197767764	0.046302214993854514	1.70814121338263	http://www.videpi.com/videpi/pozzi/dettaglio.asp?cod=6096
SERGNANO_019	1385.0	42.7035650928167	2353.648205224123	0.04631077077556604	1.7074002646737956	http://www.videpi.com/videpi/pozzi/dettaglio.asp?cod=6081
SERGNANO_013	1382.0	42.643980508995575	2381.439378106315	0.04631589971169225	1.7316540058731835	http://www.videpi.com/videpi/pozzi/dettaglio.asp?cod=6075
SERGNANO_035_DIR	1381.0	42.62273851432059	2351.559819859178	0.046346733998307195	1.7042473827901967	http://www.videpi.com/videpi/pozzi/dettaglio.asp?cod=6097
TROIA_004_DIR	1374.0	42.58848312420177	2350.7638485270027	0.04636213630959926	1.7029849806333832	http://www.videpi.com/videpi/pozzi/dettaglio.asp?cod=6667
SERGNANO_017_DIR	1379.0	42.58251715508188	2350.5213622146416	0.046364660460595834	1.702680211641288	http://www.videpi.com/videpi/pozzi/dettaglio.asp?cod=6079
MONTICHIARI_002	1377.0	42.54095090411051	2349.445525568664	0.046383205636519355	1.7010591563533843	http://www.videpi.com/videpi/pozzi/dettaglio.asp?cod=4045
LISCATE_001	1376.0	42.53993392354969	2349.4358838632497	0.0463836839954737	1.7010331876871494	http://www.videpi.com/videpi/pozzi/dettaglio.asp?cod=3323
QUARGNENTO_001	1354.0	42.508752708366785	2348.9607140809103	0.04639813565519875	1.700088291217202	http://www.videpi.com/videpi/pozzi/dettaglio.asp?cod=4886
SERGNANO_018_DIR	1374.0	42.48369632897382	2347.96937504513	0.04640879164612547	1.6988323425859755	http://www.videpi.com/videpi/pozzi/dettaglio.asp?cod=6080
SERGNANO_029_DIR	1374.0	42.48261480890594	2347.939835701589	0.046409273902383155	1.6987889009736663	http://www.videpi.com/videpi/pozzi/dettaglio.asp?cod=6091
MALOSSA_A_INIEZIONE	1371.0	42.43094517447392	2375.7900454511946	0.04640971974293562	1.7231796249024118	http://www.videpi.com/videpi/pozzi/dettaglio.asp?cod=3467
CASE_BORRA_002	1363.0	42.45924725563926	2347.4940080292445	0.04641997786068806	1.6980080774739084	http://www.videpi.com/videpi/pozzi/dettaglio.asp?cod=1285
SERGNANO_028_DIR	1371.0	42.42263138914322	2346.3845672379684	0.04643612024992843	1.6964500751567104	http://www.videpi.com/videpi/pozzi/dettaglio.asp?cod=6090
TORRENTE_TONA_001	1953.0	54.458451376039136	1112.3804420080792	0.04645187340871458	0.803648184262748	http://www.videpi.com/videpi/pozzi/dettaglio.asp?cod=6448
SERGNANO_030_DIR	1370.0	42.402522503048644	2293.697495993182	0.04650325792871645	1.648451329550314	http://www.videpi.com/videpi/pozzi/dettaglio.asp?cod=6092
S.GIOVANNI_001	4546.0	105.95498993738715	1312.7730288268242	0.04654014584489131	0.9218099313806905	http://www.videpi.com/videpi/pozzi/dettaglio.asp?cod=5610
BAGNOLO_IN_PIANO_003	5046.0	106.04964837863349	1312.3042736112202	0.046542020141752655	0.921481573663641	http://www.videpi.com/videpi/pozzi/dettaglio.asp?cod=461
SERGNANO_031_DIR	1365.0	42.30243546222544	2291.2259087395896	0.04654933018126393	1.6447015320802763	http://www.videpi.com/videpi/pozzi/dettaglio.asp?cod=6093
SERGNANO_027_DIR	1354.0	42.08325916991231	2285.7952028063564	0.04665067860607604	1.6364893745250253	http://www.videpi.com/videpi/pozzi/dettaglio.asp?cod=6089
CASE_BORRA_003	1301.0	42.0692220394837	2286.2678596142528	0.04665827512307256	1.636626343376572	http://www.videpi.com/videpi/pozzi/dettaglio.asp?cod=1286
SERGNANO_026_DIR	1353.0	42.06337969530281	2285.3013665416693	0.04665990219455785	1.6357444651527786	http://www.videpi.com/videpi/pozzi/dettaglio.asp?cod=6088
SERGNANO_043_DIR	1353.0	42.063260919660294	2285.2983215279514	0.046659957196454264	1.6357399387024558	http://www.videpi.com/videpi/pozzi/dettaglio.asp?cod=6105
SERGNANO_020_DIR	1352.0	42.04312480991363	2284.797684340183	0.04666930493298096	1.634985233943482	http://www.videpi.com/videpi/pozzi/dettaglio.asp?cod=6082
SERGNANO_025_DIR	1351.0	42.0233653226697	2284.3064873999283	0.0466784834146151	1.6342448670492529	http://www.videpi.com/videpi/pozzi/dettaglio.asp?cod=6087
CREMONA_SUD_013	1350.0	42.003901389444394	2283.8226695100984	0.04668752995546196	1.6335157555950361	http://www.videpi.com/videpi/pozzi/dettaglio.asp?cod=2225
SERGNANO_022_DIR	1350.0	42.003462436681154	2283.811403493088	0.04668773357071836	1.6334990280841526	http://www.videpi.com/videpi/pozzi/dettaglio.asp?cod=6084
SERGNANO_024_DIR	1349.0	41.98346616162898	2283.310921078544	0.046697032310629036	1.6327472444468836	http://www.videpi.com/videpi/pozzi/dettaglio.asp?cod=6086
CREMONA_SUD_011	1349.0	41.98053610821202	2283.235670156726	0.04669839230901375	1.6326355728508728	http://www.videpi.com/videpi/pozzi/dettaglio.asp?cod=2223
SERGNANO_021	1348.0	41.96352686439789	2282.814433057673	0.04670630988305659	1.6319999624531922	http://www.videpi.com/videpi/pozzi/dettaglio.asp?cod=6083
SERGNANO_023_DIR	1348.0	41.96344205805405	2282.8122541598677	0.046706349267249585	1.6319967302270666	http://www.videpi.com/videpi/pozzi/dettaglio.asp?cod=6085
BRUGHERIO_015_DIR	1416.0	53.943396975564134	1112.4068861649066	0.04671827705770103	0.7990806049764004	http://www.videpi.com/videpi/pozzi/dettaglio.asp?cod=952
SERGNANO_015_DIR	1345.0	41.90221084246727	2281.2851149258136	0.046734871188411395	1.6297009293331488	http://www.videpi.com/videpi/pozzi/dettaglio.asp?cod=6077
SERGNANO_016_DIR	1344.0	41.882093557114246	2280.783153325405	0.04674425312797678	1.6289468047389908	http://www.videpi.com/videpi/pozzi/dettaglio.asp?cod=6078
VILLAROSA_003	1340.0	41.87957729154364	2280.781157307446	0.046745505476895585	1.6289014660763892	http://www.videpi.com/videpi/pozzi/dettaglio.asp?cod=6917
FERRANDINA_023	1317.0	41.84988874148118	2280.37774042336	0.04675979852266464	1.6280605221375972	http://www.videpi.com/videpi/pozzi/dettaglio.asp?cod=2552
COLLE_MARTELLO_002	1337.0	41.745156334123116	2277.366307388963	0.04680826288053906	1.6238180234957413	http://www.videpi.com/videpi/pozzi/dettaglio.asp?cod=1845
BENEVENTO_SUD_001	4502.0	105.32734269625395	1312.799850993122	0.04681459827768133	0.9164223532719205	http://www.videpi.com/videpi/pozzi/dettaglio.asp?cod=760
MONTESANO_001_DIR	1336.0	41.72001209810423	2276.7337057921677	0.04682003786097184	1.6228729470502565	http://www.videpi.com/videpi/pozzi/dettaglio.asp?cod=4004
VOLPEDO_003	1857.0	53.73884124096237	1111.2135080298597	0.04689478193536563	0.795394350133474	http://www.videpi.com/videpi/pozzi/dettaglio.asp?cod=6950
BRUGHERIO_003	1414.0	53.659863448660886	1111.8791116498624	0.04689779655845385	0.7957216629074539	http://www.videpi.com/videpi/pozzi/dettaglio.asp?cod=940
SPOLTORE_001_DIR	1315.0	41.553344081332035	2272.7476948423446	0.04689858772077323	1.6167809737134606	http://www.videpi.com/videpi/pozzi/dettaglio.asp?cod=6281
CREMONA_SUD_009	1325.0	41.50008559298104	2271.214296637492	0.04692343773334981	1.6146285456895348	http://www.videpi.com/videpi/pozzi/dettaglio.asp?cod=2221
CASALPUSTERLENGO_006	1324.0	41.48147858701741	2270.7463516412577	0.046932217405807684	1.6139311203235047	http://www.videpi.com/videpi/pozzi/dettaglio.asp?cod=1272
PILASTRI_001	1309.0	41.446494044858376	2270.0706482723517	0.046948994158011334	1.6127837812140928	http://www.videpi.com/videpi/pozzi/dettaglio.asp?cod=4422
RENDINA_002	1321.0	41.41727360853701	2269.1249922353227	0.04696253986264844	1.6115204226815654	http://www.videpi.com/videpi/pozzi/dettaglio.asp?cod=5131
CERVARO_001	1310.0	41.19817539842781	2342.549837046167	0.04696368309506649	1.6740880556137774	http://www.videpi.com/videpi/pozzi/dettaglio.asp?cod=1597
MONTEGIORGIO_001_DIR	4748.0	105.03472114467455	1312.559275973494	0.046967077273986295	0.913299057158894	http://www.videpi.com/videpi/pozzi/dettaglio.asp?cod=3983
CREMONA_SUD_008	1320.0	41.40123778662715	2268.722212242922	0.04697012687155664	1.6109202730025536	http://www.videpi.com/videpi/pozzi/dettaglio.asp?cod=2220
BERTOLANI_001_DIR	1301.0	41.01753712887795	2309.411094380108	0.04707817028805845	1.6416705115984762	http://www.videpi.com/videpi/pozzi/dettaglio.asp?cod=766
CREMONA_SUD_015	1300.0	41.00002232509566	2308.9432847886715	0.04708634092552782	1.6409874234722939	http://www.videpi.com/videpi/pozzi/dettaglio.asp?cod=2227
MONTE_ACUTO_001	4350.0	104.47482603539065	1312.924998427094	0.04718455687424769	0.9093136912438172	http://www.videpi.com/videpi/pozzi/dettaglio.asp?cod=3847
MINERBIO_053_DIR	1296.0	40.93979572973328	2257.0399618484366	0.04718987782043059	1.5936244627855314	http://www.videpi.com/videpi/pozzi/dettaglio.asp?cod=3746
CASIRATE_001	1296.0	40.92590271008991	2256.6756342570325	0.047196526680958126	1.5930950779153112	http://www.videpi.com/videpi/pozzi/dettaglio.asp?cod=1294
LUCERA_005	1297.0	40.918941491936415	2256.47492443425	0.047199840602522386	1.5928152906632194	http://www.videpi.com/videpi/pozzi/dettaglio.asp?cod=3352
MINERBIO_047_DIR	1294.0	40.90152636780908	2256.0655289244087	0.04720823639079952	1.5921895614981365	http://www.videpi.com/videpi/pozzi/dettaglio.asp?cod=3739
RICCIONE_001	1390.0	40.84892900785646	2253.1802360393463	0.04723171267634231	1.5889869916930577	http://www.videpi.com/videpi/pozzi/dettaglio.asp?cod=5139
MORAZZONE_001	1297.0	40.85053352193157	2254.6773145952698	0.047232626249716976	1.5902070646293633	http://www.videpi.com/videpi/pozzi/dettaglio.asp?cod=4054
S.PIETRO_IN_CASALE_014	1265.0	40.809428242829554	2254.095418660665	0.04725294967602311	1.5890370915397898	http://www.videpi.com/videpi/pozzi/dettaglio.asp?cod=5721
MINERBIO_049_DIR_BIS	1281.0	40.641922604621556	2299.3541650056113	0.04725427959296042	1.6270332646813097	http://www.videpi.com/videpi/pozzi/dettaglio.asp?cod=3742
MINERBIO_049_DIR	1281.0	40.640217448080804	2299.3096995330216	0.047255081455116844	1.626968044058896	http://www.videpi.com/videpi/pozzi/dettaglio.asp?cod=3741
MINERBIO_052_DIR	1288.0	40.78002064618529	2252.9598687551807	0.047266655894575085	1.587628348753043	http://www.videpi.com/videpi/pozzi/dettaglio.asp?cod=3745
NEGRINI_001	1265.0	40.6027697845177	2298.5300849681566	0.047273060691760294	1.6256901414110352	http://www.videpi.com/videpi/pozzi/dettaglio.asp?cod=4112
MINERBIO_051	1285.0	40.720104989854796	2251.4257749694416	0.04729554111024802	1.5853793252854833	http://www.videpi.com/videpi/pozzi/dettaglio.asp?cod=3744
TOLVE_001	1269.0	40.53487811888321	2296.5773041740968	0.04730496484951286	1.6229444919292741	http://www.videpi.com/videpi/pozzi/dettaglio.asp?cod=6389
MINERBIO_050_DIR	1284.0	40.7001331044113	2250.916980038772	0.047305180895546174	1.5846321456170378	http://www.videpi.com/videpi/pozzi/dettaglio.asp?cod=3743
MUSCILLO_001	1296.0	40.50241873197363	2295.2394267948957	0.04731968655394019	1.6213105399692658	http://www.videpi.com/videpi/pozzi/dettaglio.asp?cod=4079
MINERBIO_055_DIR	1268.0	40.40548811223812	2320.74890642859	0.047330442578422005	1.6425376300765617	http://www.videpi.com/videpi/pozzi/dettaglio.asp?cod=3748
MINERBIO_046_DIR	1271.0	40.44222740216961	2293.964098309113	0.047348687871790036	1.619242282261781	http://www.videpi.com/videpi/pozzi/dettaglio.asp?cod=3738
MINERBIO_038_DIR	1267.0	40.36234932118882	2319.531670400823	0.04735061599046339	1.64080430444247	http://www.videpi.com/videpi/pozzi/dettaglio.asp?cod=3730
MINERBIO_048_DIR	1270.0	40.42225788192441	2293.429036740195	0.047358159409105545	1.618467545220187	http://www.videpi.com/videpi/pozzi/dettaglio.asp?cod=3740
MINERBIO_084_DIR	1259.0	40.259068208363566	2331.7561360146756	0.04738179738309971	1.6501131644387832	http://www.videpi.com/videpi/pozzi/dettaglio.asp?cod=3777
MINERBIO_072_DIR	1263.0	40.2880532461993	2317.4664720402407	0.04738547588901615	1.6378457880654496	http://www.videpi.com/videpi/pozzi/dettaglio.asp?cod=3765
MINERBIO_060_DIR	1260.0	40.281507291159635	2317.331734475791	0.04738861502159543	1.6376230691100455	http://www.videpi.com/videpi/pozzi/dettaglio.asp?cod=3753
MINERBIO_037_DIR	1265.0	40.322410280698435	2290.7211989479783	0.047405601400088544	1.6145692847332345	http://www.videpi.com/videpi/pozzi/dettaglio.asp?cod=3729
MINERBIO_044_DIR	1260.0	40.225875321396934	2315.7367023541174	0.04741470057780689	1.6353709944113262	http://www.videpi.com/videpi/pozzi/dettaglio.asp?cod=3736
MINERBIO_071_DIR	1259.0	40.206865023085285	2315.2070488350137	0.047423648523414984	1.634613988121351	http://www.videpi.com/videpi/pozzi/dettaglio.asp?cod=3764
CREMONA_SUD_010	1260.0	40.20000093131877	2314.993302992361	0.04742684790152184	1.6343227767318553	http://www.videpi.com/videpi/pozzi/dettaglio.asp?cod=2222
SOLIGNANO_001	1260.0	40.19999984454153	2314.9932717590937	0.04742684841193322	1.6343227327041354	http://www.videpi.com/videpi/pozzi/dettaglio.asp?cod=6195
SALETTA_001	1412.0	39.82676248767258	2301.7282711269504	0.04759969554579806	1.617220709962007	http://www.videpi.com/videpi/pozzi/dettaglio.asp?cod=5917
FIUME_BASENTO_007_DIR	1760.0	52.6073426881704	1109.2258909413094	0.04761607638367888	0.7822331853709334	http://www.videpi.com/videpi/pozzi/dettaglio.asp?cod=2585
VALLE_TORTA_001_DIR	3917.0	103.33054198893944	1313.3181506066362	0.047670587175516047	0.9002812261005563	http://www.videpi.com/videpi/pozzi/dettaglio.asp?cod=6713
VILLA_FELICI_001_DIR	1413.0	40.32418047089914	2152.6243528507566	0.047696554137475214	1.4915090852039141	http://www.videpi.com/videpi/pozzi/dettaglio.asp?cod=6880
MONTE_FOI_001	4912.0	103.21345237574415	1312.3618813901421	0.04781404411260043	0.8970017163629614	http://www.videpi.com/videpi/pozzi/dettaglio.asp?cod=3919
S.MICHELE_001	1854.0	52.306711009845394	1108.4647339139192	0.04782512768419864	0.7783900217876852	http://www.videpi.com/videpi/pozzi/dettaglio.asp?cod=5687
PORTO_RECANATI_002	1314.0	39.418813829261865	2264.4528350939636	0.047839601451693754	1.5781076824319673	http://www.videpi.com/videpi/pozzi/dettaglio.asp?cod=4809
MONTEFANO_002_DIR	1400.0	39.36752707809312	2261.601209331223	0.047863024456312055	1.5749781725160874	http://www.videpi.com/videpi/pozzi/dettaglio.asp?cod=3970
CHIOSONE_001	1854.0	52.1667591324	1108.1893013272147	0.047918219886008404	0.7767247593798225	http://www.videpi.com/videpi/pozzi/dettaglio.asp?cod=1701
MINERBIO_008	1858.0	52.16227616056571	1108.1730689849933	0.04792165677871646	0.7766600342217721	http://www.videpi.com/videpi/pozzi/dettaglio.asp?cod=3700
TEMPA_DEL_VENTO_001	4897.0	102.91950671666656	1312.3689943701338	0.04794978137679309	0.8944667539938419	http://www.videpi.com/videpi/pozzi/dettaglio.asp?cod=6328
MONTEFANO_001_DIR	1400.0	39.150806100651764	2255.412234734878	0.047969408007874026	1.5663872091711997	http://www.videpi.com/videpi/pozzi/dettaglio.asp?cod=3969
QUERCIOLA_001	3845.0	102.65048059971613	1313.3726651437833	0.047980911063566806	0.894491383628478	http://www.videpi.com/videpi/pozzi/dettaglio.asp?cod=4889
URSITTO_001	3820.0	102.3757076650707	1313.390746340967	0.0481078186522303	0.8921426026009514	http://www.videpi.com/videpi/pozzi/dettaglio.asp?cod=6684
BRAEMI_001	4005.0	102.29435180705755	1313.2073060939317	0.048162591702778576	0.8910178426270455	http://www.videpi.com/videpi/pozzi/dettaglio.asp?cod=898
BALLAN_001	4305.0	102.15025173545484	1312.912957130676	0.04825776072943803	0.8890842569349624	http://www.videpi.com/videpi/pozzi/dettaglio.asp?cod=475
TRIOLO_001	1414.0	43.26780592600021	1839.0083068575636	0.04841342822555847	1.2325205628018983	http://www.videpi.com/videpi/pozzi/dettaglio.asp?cod=6660
BONAPARTE_001_DIR	1330.0	38.24567008954705	2230.3703840710073	0.048422848316751047	1.5313750592305329	http://www.videpi.com/videpi/pozzi/dettaglio.asp?cod=845
ANGELO_001	4326.0	101.51663062205327	1312.8778300186727	0.04856188815056226	0.8834952899378895	http://www.videpi.com/videpi/pozzi/dettaglio.asp?cod=274
MUSONE_002_DIR	1323.0	37.7475261215176	2241.6319452818657	0.04862264288996055	1.5341760267626818	http://www.videpi.com/videpi/pozzi/dettaglio.asp?cod=4082
CASOLI_001	1397.0	37.83379624635492	2217.2152702607996	0.048631998156428186	1.5142056422763026	http://www.videpi.com/videpi/pozzi/dettaglio.asp?cod=1297
SILVI_001	1406.0	37.71260442907004	2239.2203247352963	0.048638950686098276	1.5317124968340956	http://www.videpi.com/videpi/pozzi/dettaglio.asp?cod=6179
FIUME_CRATI_001	1388.0	37.710482001968224	2239.449443991494	0.048640335397681374	1.5318540099662912	http://www.videpi.com/videpi/pozzi/dettaglio.asp?cod=2589
PRATI_BAVIERA_001	1379.0	37.38765140532553	2204.2967818725206	0.04886321874516792	1.4967350997590263	http://www.videpi.com/videpi/pozzi/dettaglio.asp?cod=4849
CAPO_CIMITI_007	1367.0	37.34229369114247	2203.1390260377148	0.048887055977426576	1.4950840482313477	http://www.videpi.com/videpi/pozzi/dettaglio.asp?cod=1208
REGGIO_EMILIA_004	1294.0	37.320667266651895	2203.6603659114553	0.048899374197759186	1.4951221189407116	http://www.videpi.com/videpi/pozzi/dettaglio.asp?cod=5111
CUPRA_001	1360.0	37.18831324594379	2198.6556581492405	0.048967778505192634	1.4890607086074912	http://www.videpi.com/videpi/pozzi/dettaglio.asp?cod=2280
PIAZZA_ARMERINA_001	3711.0	100.49932608588739	1313.4541146432537	0.04899849374647862	0.875962999328686	http://www.videpi.com/videpi/pozzi/dettaglio.asp?cod=4404
SPADA_001	4280.0	100.60140194066759	1312.900682123633	0.049000886014410376	0.8755935622864345	http://www.videpi.com/videpi/pozzi/dettaglio.asp?cod=6225
DICOMANO_001	3178.0	100.20338327219068	1314.0050509479547	0.04909579026650516	0.8745516820240014	http://www.videpi.com/videpi/pozzi/dettaglio.asp?cod=2351
BUSSETO_005	1758.0	50.37522940314379	1104.7393411019734	0.049134234440527134	0.7556334764023985	http://www.videpi.com/videpi/pozzi/dettaglio.asp?cod=988
VALLE_LEPRI_001	3936.0	100.16561387965646	1313.2247211426716	0.049182769435592834	0.8725460716926722	http://www.videpi.com/videpi/pozzi/dettaglio.asp?cod=6710
CAMPO_MARE_001	1403.0	36.97961673751576	2146.7704963794076	0.04920584608937869	1.4412041562672495	http://www.videpi.com/videpi/pozzi/dettaglio.asp?cod=1096
CASTELPAGANO_002_DIR	4226.0	100.12083164195121	1312.9415812318618	0.049231804920758925	0.8715106674933171	http://www.videpi.com/videpi/pozzi/dettaglio.asp?cod=1367
FARAGOLA_001	1760.0	50.201191503616485	1104.3725588340847	0.049257281277479144	0.7535479026707584	http://www.videpi.com/videpi/pozzi/dettaglio.asp?cod=2503
MARRARA_001	3500.0	99.78718764965785	1313.6474385027136	0.049329835789309655	0.8701926383652939	http://www.videpi.com/videpi/pozzi/dettaglio.asp?cod=3520
JESI_003	1271.0	36.69553275297293	2140.640073985595	0.049361917032232944	1.431899744490625	http://www.videpi.com/videpi/pozzi/dettaglio.asp?cod=3169
PINETO_001_DIR	1307.0	36.07780121927144	2190.4065271048567	0.049494714582760106	1.4667414706374633	http://www.videpi.com/videpi/pozzi/dettaglio.asp?cod=4426
CASSANO_D'ADDA_001	3487.0	99.39640130265204	1313.6513427130017	0.049523037180092946	0.8668000862625462	http://www.videpi.com/videpi/pozzi/dettaglio.asp?cod=1309
MODI_001_X	3722.0	99.4376315254733	1313.418454628697	0.049524005272999494	0.8666471096670167	http://www.videpi.com/videpi/pozzi/dettaglio.asp?cod=3798
FERMO_002	1400.0	35.99992701702337	2162.037459073651	0.04960412465631045	1.441435062562984	http://www.videpi.com/videpi/pozzi/dettaglio.asp?cod=2528
MONTERAPPOLI_001_DIR	2108.0	98.96911657087269	1315.1020540964505	0.04961572814235025	0.8660268355888917	http://www.videpi.com/videpi/pozzi/dettaglio.asp?cod=4000
CELLINO_009	1406.0	35.965888279632566	2160.896843355127	0.04962270057109151	1.4400121986648131	http://www.videpi.com/videpi/pozzi/dettaglio.asp?cod=1522
CASCINA_NUOVA_001_DIR	3208.0	99.09144689759444	1313.9486451282949	0.049650426929860235	0.864749341626842	http://www.videpi.com/videpi/pozzi/dettaglio.asp?cod=1279
CAMPO_MARE_003	1296.0	35.70657645013572	2178.8806179615362	0.0496955897709473	1.4518401467217055	http://www.videpi.com/videpi/pozzi/dettaglio.asp?cod=1098
PONTE_OLIVO_001	3680.0	99.01882230228682	1313.4503415894765	0.04973011753977754	0.8630737373361951	http://www.videpi.com/videpi/pozzi/dettaglio.asp?cod=4600
CELLINO_005	1396.0	35.637030542734315	2150.921089837917	0.04980396592516042	1.4270867049674796	http://www.videpi.com/videpi/pozzi/dettaglio.asp?cod=1518
MONTE_BOSSO_001	3603.0	98.7582553219329	1313.5207951160467	0.04985450298634836	0.8609612740624035	http://www.videpi.com/videpi/pozzi/dettaglio.asp?cod=3864
CELLINO_006	1400.0	35.46958401633995	2145.66814822831	0.049897002663833616	1.4203959065682752	http://www.videpi.com/videpi/pozzi/dettaglio.asp?cod=1519
CELLINO_003	1393.0	35.463630212307265	2145.593933615045	0.04990037729359884	1.4202429621470347	http://www.videpi.com/videpi/pozzi/dettaglio.asp?cod=1516
CELLINO_026	1390.0	35.46333753876695	2145.6323152015984	0.04990056420072325	1.4202670624033036	http://www.videpi.com/videpi/pozzi/dettaglio.asp?cod=1539
CELLINO_004	1367.0	35.19445400353885	2137.618609083971	0.05005138481649184	1.409870418470692	http://www.videpi.com/videpi/pozzi/dettaglio.asp?cod=1517
S.COLOMBANO_004	4173.0	98.45999986835433	1312.9544135606172	0.0500599315580874	0.8571009379319017	http://www.videpi.com/videpi/pozzi/dettaglio.asp?cod=5556
QUARA_001_DIR	3230.0	98.0110790466025	1313.9013859238953	0.05020080509593601	0.8552413974183503	http://www.videpi.com/videpi/pozzi/dettaglio.asp?cod=4885
SAGGIO_001	1325.0	34.85301510798998	2127.570437598513	0.05024506874304491	1.3968156141045123	http://www.videpi.com/videpi/pozzi/dettaglio.asp?cod=5907
TRIONTO_001	4659.0	98.1799994591575	1312.4828843738114	0.050250825670008666	0.8535736053959709	http://www.videpi.com/videpi/pozzi/dettaglio.asp?cod=6661
CERAMI_001	3431.0	97.9275530048281	1313.6735160388369	0.05026234575020221	0.8540630905619827	http://www.videpi.com/videpi/pozzi/dettaglio.asp?cod=1554
CELLINO_010	1334.0	34.772313707409594	2124.8815122403284	0.05029107435322703	1.3935043521412065	http://www.videpi.com/videpi/pozzi/dettaglio.asp?cod=1523
CELLINO_011	1376.0	34.72604892514657	2122.759047184858	0.050317302538571	1.391174859998604	http://www.videpi.com/videpi/pozzi/dettaglio.asp?cod=1524
MONTEPAGANO_001	1302.0	34.530112917401375	2141.0273440848077	0.050349683885785465	1.4041023302472742	http://www.videpi.com/videpi/pozzi/dettaglio.asp?cod=3989
FINO_001	1361.0	34.37051209148301	2134.8812899765508	0.05044020389639479	1.3969323660486186	http://www.videpi.com/videpi/pozzi/dettaglio.asp?cod=2573
MACERATA_001	1305.0	34.23427806794333	2131.3280588739553	0.050518670634027034	1.3920822086451106	http://www.videpi.com/videpi/pozzi/dettaglio.asp?cod=3410
MONTE_PIETRA_001	3619.0	97.39545133331889	1313.4735634397746	0.05055537196231712	0.8489984044896104	http://www.videpi.com/videpi/pozzi/dettaglio.asp?cod=3936
VIANO_001	3438.0	97.32432466467978	1313.652680619168	0.050575252877347036	0.8487671175432651	http://www.videpi.com/videpi/pozzi/dettaglio.asp?cod=6850
MIRTO_001	1265.0	33.975481973788014	2100.5880831144705	0.05075366411496996	1.362671504269307	http://www.videpi.com/videpi/pozzi/dettaglio.asp?cod=3786
FONTEMAGGIORE_002_DIR	3054.0	96.62012842031363	1314.0486768850983	0.050908452144569294	0.8434369221401238	http://www.videpi.com/videpi/pozzi/dettaglio.asp?cod=2624
PONTREMOLI_001	3520.0	96.6206948520615	1313.5545795435135	0.05095227575212622	0.8424309429841023	http://www.videpi.com/videpi/pozzi/dettaglio.asp?cod=4613
S.BIASE_001	4089.0	96.70139987701417	1312.9956994473705	0.050965070296665006	0.8419022691451603	http://www.videpi.com/videpi/pozzi/dettaglio.asp?cod=5529
MACERATA_002	1274.0	33.26675004226089	2099.790276864873	0.05108501432053552	1.3532434743610782	http://www.videpi.com/videpi/pozzi/dettaglio.asp?cod=3411
BELLADONNA_001_DIR	4060.0	96.41643271315843	1313.0174393194327	0.05111331686762351	0.8394727580009105	http://www.videpi.com/videpi/pozzi/dettaglio.asp?cod=719
AVANELLA_001	3051.0	95.79542805281699	1314.033101170659	0.051347249212666216	0.8362204050129618	http://www.videpi.com/videpi/pozzi/dettaglio.asp?cod=435
CALDERARI_001_S	4019.0	95.71111177451694	1313.041433302075	0.051487105856558545	0.8333917845588324	http://www.videpi.com/videpi/pozzi/dettaglio.asp?cod=1050
MAGENTA_001_DIR	3498.0	95.59386739619757	1313.5533535070092	0.05149880648808066	0.8334899616081016	http://www.videpi.com/videpi/pozzi/dettaglio.asp?cod=3425
CORREGGIO_032	1380.0	32.607879391638065	2054.111051370025	0.051580859147875815	1.3070429904878023	http://www.videpi.com/videpi/pozzi/dettaglio.asp?cod=2021
PRELERNA_001	3457.0	95.30043051204012	1313.5878004515994	0.05165375117478453	0.8310090505376913	http://www.videpi.com/videpi/pozzi/dettaglio.asp?cod=4852
CORREGGIO_040_DIR	1356.0	32.122442924111596	2059.654530309102	0.051783125412744324	1.3059258918119747	http://www.videpi.com/videpi/pozzi/dettaglio.asp?cod=2030
CASTANO_001	6728.0	95.53769975335547	1310.534345733924	0.05187381842410726	0.8257818224808009	http://www.videpi.com/videpi/pozzi/dettaglio.asp?cod=1314
PUGLIA_001	7070.0	95.5546225301662	1310.240734377467	0.051904313792809076	0.8251332133525224	http://www.videpi.com/videpi/pozzi/dettaglio.asp?cod=4874
CASALBORE_002	3476.0	94.79168650258762	1313.5573680347204	0.05193354061272294	0.8265150780665156	http://www.videpi.com/videpi/pozzi/dettaglio.asp?cod=1257
TRE_FONTANE_001	3502.0	94.76458374458508	1313.530746183594	0.05195100798996719	0.8262223569498467	http://www.videpi.com/videpi/pozzi/dettaglio.asp?cod=6567
BONITO_001_DIR	3008.0	94.36594739796139	1314.0217947399835	0.05212238182908498	0.8237783634776866	http://www.videpi.com/videpi/pozzi/dettaglio.asp?cod=849
CASALINI_001	3453.0	94.43636166345222	1313.5724749673273	0.052127147467522957	0.8234536795142096	http://www.videpi.com/videpi/pozzi/dettaglio.asp?cod=1263
CONTRADA_TRIGLIA_001	2416.0	94.1883622530901	1314.6573788621458	0.05216425852943967	0.8234696170505602	http://www.videpi.com/videpi/pozzi/dettaglio.asp?cod=1937
ZAGONARA_001_DIR	1322.0	31.4400550605121	2036.5302029485392	0.052215302418541276	1.2786615264194452	http://www.videpi.com/videpi/pozzi/dettaglio.asp?cod=6970
CAPRARA_001	3969.0	94.37074754099919	1313.0601597330067	0.05221566746256328	0.8217738989864095	http://www.videpi.com/videpi/pozzi/dettaglio.asp?cod=1219
SPERLINGA_003	3835.0	94.30992373529841	1313.190244741129	0.052235736198579505	0.8215302051666993	http://www.videpi.com/videpi/pozzi/dettaglio.asp?cod=6232
COTIGNOLA_027	1345.0	31.90030462644664	1993.169721427256	0.05223625029479476	1.247614625424986	http://www.videpi.com/videpi/pozzi/dettaglio.asp?cod=2205
CASA_BORSELLI_001	3456.0	94.10177648071209	1313.5620176998575	0.05231325430644105	0.8205184220971514	http://www.videpi.com/videpi/pozzi/dettaglio.asp?cod=1247
COZZO_SCALIA_001	3250.0	94.04050454632414	1313.768159891668	0.052326895880713584	0.8204184795453182	http://www.videpi.com/videpi/pozzi/dettaglio.asp?cod=2209
BENEVENTO_002	3939.0	93.88132658251479	1313.0785949485721	0.05248566432244081	0.8175566867912727	http://www.videpi.com/videpi/pozzi/dettaglio.asp?cod=758
CORREGGIO_034_DIR	1308.0	31.1753993558575	2006.8484663156864	0.05249766414356597	1.2509432714836344	http://www.videpi.com/videpi/pozzi/dettaglio.asp?cod=2023
CORREGGIO_039_DIR_A	1303.0	31.075490978428007	2003.4855326562765	0.05256366534728998	1.2470260715653099	http://www.videpi.com/videpi/pozzi/dettaglio.asp?cod=2029
LE_CERBAIE_001	567.0	31.05067223012869	2014.0801676884155	0.05257626850122756	1.2541258623011393	http://www.videpi.com/videpi/pozzi/dettaglio.asp?cod=3250
CORREGGIO_039_DIR	1277.0	30.555967415794637	2006.000508968296	0.05279395130796728	1.243333498568736	http://www.videpi.com/videpi/pozzi/dettaglio.asp?cod=2028
S.CLAUDIO_001	4127.0	93.35606511472844	1312.883642157045	0.052801672363477214	0.8125569819876237	http://www.videpi.com/videpi/pozzi/dettaglio.asp?cod=5552
MINEO_002	2897.0	92.9351600977437	1314.1042416622452	0.05291536077896034	0.8114784675562815	http://www.videpi.com/videpi/pozzi/dettaglio.asp?cod=3692
CORREGGIO_031	1260.0	30.356648576773573	1999.1319046937826	0.05292742159350906	1.2354423111773318	http://www.videpi.com/videpi/pozzi/dettaglio.asp?cod=2020
BUDRIO_006	3600.0	92.9232128276332	1313.3920710927991	0.05299326189296882	0.8098967929955375	http://www.videpi.com/videpi/pozzi/dettaglio.asp?cod=979
ACATE_001_DIR	3388.0	92.75999523757443	1313.6006253950904	0.05306494768968197	1.2133745794003228	http://www.videpi.com/videpi/pozzi/dettaglio.asp?cod=4
CIRCELLO_001	3885.0	92.7000005147826	1313.1053478564193	0.05315101895379609	0.8073369134627582	http://www.videpi.com/videpi/pozzi/dettaglio.asp?cod=1757
DESANA_002	3299.0	92.58272117171845	1313.6864488916672	0.053157699418151516	0.8075516614966887	http://www.videpi.com/videpi/pozzi/dettaglio.asp?cod=2344
TRANFAGLIA_001	3357.0	92.5630325082555	1313.627504970743	0.053174966293699895	0.8072573674673655	http://www.videpi.com/videpi/pozzi/dettaglio.asp?cod=6556
REGALBUTO_001	569.0	29.91454713152345	1994.0359209064782	0.053222597140673684	1.2250880222895795	http://www.videpi.com/videpi/pozzi/dettaglio.asp?cod=5094
ACATE_002	3373.0	92.45995175819762	1313.6091311508367	0.053236039053657605	0.806321291789851	http://www.videpi.com/videpi/pozzi/dettaglio.asp?cod=5
OTTOBIANO_001	4130.0	92.03379374436236	1312.8514693400107	0.053563357829910514	0.8009848306576312	http://www.videpi.com/videpi/pozzi/dettaglio.asp?cod=4216
ORSOGNA_001	3340.0	91.79999253532705	1313.627949199699	0.053616290453036744	0.8006129441930308	http://www.videpi.com/videpi/pozzi/dettaglio.asp?cod=4194
S.GREGORIO_MAGNO_001	4442.0	91.82572102591621	1312.5463425867592	0.05371938254554708	0.7984941630181449	http://www.videpi.com/videpi/pozzi/dettaglio.asp?cod=5637
SCICLI_002	3309.0	91.17930726066794	1313.6457402003566	0.05397893161708031	0.7952438023480968	http://www.videpi.com/videpi/pozzi/dettaglio.asp?cod=6004
SOMMARIVA_DEL_BOSCO_001	3809.0	91.18017990300659	1313.1467489272518	0.05403165069146342	0.7942007412388317	http://www.videpi.com/videpi/pozzi/dettaglio.asp?cod=6201
LINAROLO_001	3206.0	91.04885980459937	1313.7472241657795	0.05404566215181589	0.79431623146123	http://www.videpi.com/videpi/pozzi/dettaglio.asp?cod=3302
VALLEDOLMO_001	3197.0	90.90515306420806	1313.753257520595	0.05413035627460027	0.7930766428715499	http://www.videpi.com/videpi/pozzi/dettaglio.asp?cod=6766
RICCARDINA_001	3818.0	90.82985830631662	1313.1302333187505	0.05424169557933704	0.7911164813199377	http://www.videpi.com/videpi/pozzi/dettaglio.asp?cod=5137
FRAINE_001	3784.0	90.65850648810925	1313.160042279886	0.05434084030811726	0.7896889571983187	http://www.videpi.com/videpi/pozzi/dettaglio.asp?cod=2688
NERVESA_001	3754.0	90.63373515454106	1313.189144871429	0.05435247157699944	0.7895354529228459	http://www.videpi.com/videpi/pozzi/dettaglio.asp?cod=4117
BIDDUSA_002	2007.0	90.0664565771301	1314.9985749942075	0.054513625278577414	0.788161797535559	http://www.videpi.com/videpi/pozzi/dettaglio.asp?cod=777
SESTOLA_001	2832.0	89.98932323992418	1314.1077331546617	0.05464407810160872	0.7858084240665293	http://www.videpi.com/videpi/pozzi/dettaglio.asp?cod=6138
CASTELMAURO_002	3753.0	90.06569103589521	1313.1778044235555	0.05469625233843888	0.7845670118732173	http://www.videpi.com/videpi/pozzi/dettaglio.asp?cod=1364
LADISPOLI_001	1025.0	89.38549053259739	1316.0870942832596	0.05483453983022664	0.7841238324223928	http://www.videpi.com/videpi/pozzi/dettaglio.asp?cod=3208
BENEVENTO_003	3723.0	89.64539939109525	1313.198408234818	0.05495018520760146	0.7809522576214225	http://www.videpi.com/videpi/pozzi/dettaglio.asp?cod=759
RODIGO_001	5312.0	89.93855530670879	1311.6670148459348	0.054953590204752635	0.7800980892746875	http://www.videpi.com/videpi/pozzi/dettaglio.asp?cod=5350
ORISTANO_001	1852.0	89.08000034621689	1315.1537132162089	0.05510229889630834	0.779823132437274	http://www.videpi.com/videpi/pozzi/dettaglio.asp?cod=4187
RIGOSA_001_DIR	1773.0	42.78503146407615	1086.8391320874593	0.055198302732772604	0.6640300212674001	http://www.videpi.com/videpi/pozzi/dettaglio.asp?cod=5150
VILLALFONSINA_001	3201.0	89.01801469182149	1313.708738680227	0.055281078357610605	0.7765447887488226	http://www.videpi.com/videpi/pozzi/dettaglio.asp?cod=6907
MIRABELLO_001	4212.0	89.00765124514194	1312.7058617014218	0.055400801032017694	0.7743430685106382	http://www.videpi.com/videpi/pozzi/dettaglio.asp?cod=3778
ACATE_003	3191.0	88.81999997051702	1313.7146957104185	0.055403531518240845	0.7748315761187908	http://www.videpi.com/videpi/pozzi/dettaglio.asp?cod=6
CAMPIDANO_001	1700.0	88.40976768806519	1315.3069299489885	0.05550508129744622	0.774244112663693	http://www.videpi.com/videpi/pozzi/dettaglio.asp?cod=1095
VALLE_ISOLA_001	4185.0	88.70090946495793	1312.72535697916	0.05559001621311523	0.7717175306331614	http://www.videpi.com/videpi/pozzi/dettaglio.asp?cod=6709
MONACILIONI_001	3643.0	88.50120477287255	1313.253233140153	0.055653858545018316	0.7711065876527141	http://www.videpi.com/videpi/pozzi/dettaglio.asp?cod=3813
RANDAZZO_002	3646.0	88.325686867911	1313.2464945184088	0.05576513638667059	0.7695643698386548	http://www.videpi.com/videpi/pozzi/dettaglio.asp?cod=4992
CERTALDO_002	1860.0	87.93405839046875	1315.120346132712	0.0558216576211698	0.769756458973716	http://www.videpi.com/videpi/pozzi/dettaglio.asp?cod=1593
S.TEODORO_CESARO'_001	3617.0	88.22432463608067	1313.27320165979	0.055826121040060385	0.7687375323854237	http://www.videpi.com/videpi/pozzi/dettaglio.asp?cod=5843
CONSANDOLO_001	3106.0	87.99398092353852	1313.783862387387	0.05591550363610514	0.7677728687480687	http://www.videpi.com/videpi/pozzi/dettaglio.asp?cod=1927
MESSER_MARINO_001	3603.0	87.85176593651738	1313.2792136499183	0.05606200576337573	0.7655061184674877	http://www.videpi.com/videpi/pozzi/dettaglio.asp?cod=3654
FIUME_SALINE_001	3736.0	87.74453129814937	1313.1447279512581	0.05614597846577707	0.7642919359344059	http://www.videpi.com/videpi/pozzi/dettaglio.asp?cod=2593
ZIMMARA_001	2748.0	87.43991272793492	1314.1412605207465	0.05623122228768301	0.7636459823394918	http://www.videpi.com/videpi/pozzi/dettaglio.asp?cod=6973
MONTARONE_001	1778.0	41.597350913749004	1083.5896688318983	0.0563005281491733	0.6495079930725007	http://www.videpi.com/videpi/pozzi/dettaglio.asp?cod=3844
VILLA_GRANDE_001	3650.0	87.30194519681288	1313.2207018849372	0.056421600681229055	0.7605972800278584	http://www.videpi.com/videpi/pozzi/dettaglio.asp?cod=6881
MONTARONE_003	1757.0	41.29798463753788	1082.7878638938428	0.05658266192544164	0.6458960521237304	http://www.videpi.com/videpi/pozzi/dettaglio.asp?cod=3846
CORRIDONIA_001	1756.0	41.21094758830826	1082.5463595866468	0.05666606300735754	0.6448331599850082	http://www.videpi.com/videpi/pozzi/dettaglio.asp?cod=2031
CICCONE_001_APP	2673.0	86.19041715174336	1314.193668140836	0.05703960960228639	0.7528498822908986	http://www.videpi.com/videpi/pozzi/dettaglio.asp?cod=1715
RANDAZZO_001	3566.0	86.31289915846617	1313.2835725148002	0.05706034750460637	0.7521148464904783	http://www.videpi.com/videpi/pozzi/dettaglio.asp?cod=4991
COLLE_FELICE_001	3704.0	86.31878680793315	1313.1461875452917	0.05707268904250012	0.7518825818882915	http://www.videpi.com/videpi/pozzi/dettaglio.asp?cod=1843
CELLINO_014	1772.0	40.62646828097658	1080.8486735612503	0.057236814699172855	0.6376220659528732	http://www.videpi.com/videpi/pozzi/dettaglio.asp?cod=1527
BIVONA_002	584.0	24.597817845466565	1792.155342966569	0.057296078141780525	1.0131877370677929	http://www.videpi.com/videpi/pozzi/dettaglio.asp?cod=789
LEMIZZONE_001	1778.0	40.56002965117009	1080.644449198001	0.05730315647925663	0.6367900685340327	http://www.videpi.com/videpi/pozzi/dettaglio.asp?cod=3258
NOVELLARA_001	1750.0	40.4069356111727	1080.2575055448497	0.05745007058861686	0.6349843901405425	http://www.videpi.com/videpi/pozzi/dettaglio.asp?cod=4150
BONANNO_002	1748.0	40.39830485169175	1080.2364846593418	0.057458311675797166	0.6348836892260645	http://www.videpi.com/videpi/pozzi/dettaglio.asp?cod=844
POGGIO_RUSCO_005	1256.0	40.223609672032055	1080.7392102486435	0.05755510892394777	0.6340457977575578	http://www.videpi.com/videpi/pozzi/dettaglio.asp?cod=4544
MINERBIO_080_DIR	1256.0	40.199344783079155	1080.6683501595223	0.05757927943802066	0.6337472496433905	http://www.videpi.com/videpi/pozzi/dettaglio.asp?cod=3773
MONTE_S.VITO_001	1256.0	40.184385543514466	1080.6246333168558	0.05759419171186172	0.6335631829645124	http://www.videpi.com/videpi/pozzi/dettaglio.asp?cod=3941
SERRA_DELLA_TRAVE_001	5079.0	85.78151265780716	1311.790868299246	0.057602454286042236	0.7442872272402848	http://www.videpi.com/videpi/pozzi/dettaglio.asp?cod=6120
PANDINO_001	3118.0	85.41573556617517	1313.7178443669823	0.05760882173603347	0.7451722747376355	http://www.videpi.com/videpi/pozzi/dettaglio.asp?cod=4284
MINERBIO_057_DIR	1256.0	40.166196966629215	1080.5714463777422	0.05761233472325341	0.6333393678309688	http://www.videpi.com/videpi/pozzi/dettaglio.asp?cod=3750
MINERBIO_076_DIR	1256.0	40.14831528397338	1080.5191218531281	0.05763018396674681	0.6331193152786259	http://www.videpi.com/videpi/pozzi/dettaglio.asp?cod=3769
MINERBIO_045_DIR	1254.0	40.106253929895445	1080.4000479272345	0.05767190758154744	0.6326069407413656	http://www.videpi.com/videpi/pozzi/dettaglio.asp?cod=3737
S.AGATA_001	3517.0	85.34143333506482	1313.3122532919162	0.05770608808907296	0.7437129341533121	http://www.videpi.com/videpi/pozzi/dettaglio.asp?cod=5487
VILLA_LITERNO_001	2990.0	85.1894737596002	1313.8444939838419	0.057747344883171875	0.7434482196786737	http://www.videpi.com/videpi/pozzi/dettaglio.asp?cod=6882
TERRA_DEL_SOLE_001_DIR	1754.0	40.080599241281845	1079.2942171431405	0.05777622236166648	0.6309612102471748	http://www.videpi.com/videpi/pozzi/dettaglio.asp?cod=6348
CONTRADA_CARPENA_001	3501.0	85.2329151597072	1313.3260380853435	0.05777787665034162	0.742795777651884	http://www.videpi.com/videpi/pozzi/dettaglio.asp?cod=1934
MOZIA_001	2502.0	85.03994741981637	1314.3497401782083	0.057793388450483596	0.7431088674509243	http://www.videpi.com/videpi/pozzi/dettaglio.asp?cod=4074
CASANOVA_LONATI_001	3002.0	85.05998726504777	1313.8294910020525	0.05783685061289489	0.7422901876579603	http://www.videpi.com/videpi/pozzi/dettaglio.asp?cod=1275
BIDDUSA_001	2500.0	84.96445076200479	1314.3503298221867	0.05784460116933706	0.742451250967712	http://www.videpi.com/videpi/pozzi/dettaglio.asp?cod=776
RUBICONE_001	5550.0	85.50001357565955	1311.3524335506338	0.05785522391346981	0.7408163844908361	http://www.videpi.com/videpi/pozzi/dettaglio.asp?cod=5481
LUPARA_001	557.0	23.925087473998893	1763.764952961625	0.05791010218300219	0.9857124011150517	http://www.videpi.com/videpi/pozzi/dettaglio.asp?cod=3408
CASTELFRENTANO_006	2987.0	84.69630446872398	1313.8374817884924	0.05808403344128062	0.739135272322638	http://www.videpi.com/videpi/pozzi/dettaglio.asp?cod=1346
MONTE_FORCUSO_001	1800.0	84.452456388803	1315.114521967177	0.05811817874365167	0.7393368796400137	http://www.videpi.com/videpi/pozzi/dettaglio.asp?cod=3920
VIGNOLA_001	3486.0	84.7209369808428	1313.330431543715	0.05812631155956801	0.7383453163923988	http://www.videpi.com/videpi/pozzi/dettaglio.asp?cod=6876
PIADENA_009	3321.0	84.63275851300136	1313.49506395736	0.05816724055410647	0.7379076550581493	http://www.videpi.com/videpi/pozzi/dettaglio.asp?cod=4374
CASE_PINELLI_001	3985.0	84.70280831785426	1312.8347735789735	0.058199881517075634	0.7371656633179906	http://www.videpi.com/videpi/pozzi/dettaglio.asp?cod=1291
LORO_PICENO_001	4003.0	84.56390028958417	1312.8141990234262	0.058298099223630655	0.7359135173897586	http://www.videpi.com/videpi/pozzi/dettaglio.asp?cod=3345
CHIEUTI_003_APP	538.0	23.4841639869629	1744.8780896015319	0.05832651652218545	0.9677089097073793	http://www.videpi.com/videpi/pozzi/dettaglio.asp?cod=1682
MASCHITO_002	3469.0	84.37758881441215	1313.3403887519	0.05836151097299342	0.7353746878477277	http://www.videpi.com/videpi/pozzi/dettaglio.asp?cod=3576
ASIGLIANO_VERCELLESE_001	3463.0	84.32195157253761	1313.3452707817132	0.058399409704960034	0.7348998790456563	http://www.videpi.com/videpi/pozzi/dettaglio.asp?cod=418
MODENA_003	3965.0	84.29946740410006	1312.845885266787	0.058476927050591314	0.7336786964431727	http://www.videpi.com/videpi/pozzi/dettaglio.asp?cod=3797
MONTE_CIAPPIERE_001	3396.0	84.0596117367395	1313.4073721235006	0.058574073339321055	0.7327391285610402	http://www.videpi.com/videpi/pozzi/dettaglio.asp?cod=3894
S.ELPIDIO_001	3969.0	84.10791115289635	1312.8379243440659	0.05861112852389572	0.731994869629245	http://www.videpi.com/videpi/pozzi/dettaglio.asp?cod=5567
VOLPAGO_001	3442.0	83.84000487388676	1313.3564403314545	0.05873358251487111	0.7307240657727219	http://www.videpi.com/videpi/pozzi/dettaglio.asp?cod=6947
CERNUSCO_005	2955.0	83.6967725670118	1313.850129849814	0.058775533173974645	0.7304455013404914	http://www.videpi.com/videpi/pozzi/dettaglio.asp?cod=1572
S.ALESSANDRO_001	3737.0	83.571008570539	1313.0557498334097	0.05895986287915457	0.7277721317469239	http://www.videpi.com/videpi/pozzi/dettaglio.asp?cod=5490
CORSICO_001	2854.0	83.31975894086314	1313.947031659512	0.05903004308878475	0.7273436553895838	http://www.videpi.com/videpi/pozzi/dettaglio.asp?cod=2032
ESINO_001	3425.0	83.37513005424017	1313.3639922487705	0.05905997744568192	0.7266894183199941	http://www.videpi.com/videpi/pozzi/dettaglio.asp?cod=2481
PESCHICI_001	1275.0	22.75001550388627	1701.3410663144875	0.05909184562435812	0.9304820743055597	http://www.videpi.com/videpi/pozzi/dettaglio.asp?cod=4354
VARANO_001	3417.0	83.30285326275691	1313.3705766625199	0.05911038898603458	0.7260728926080564	http://www.videpi.com/videpi/pozzi/dettaglio.asp?cod=6784
ORISTANO_002	1700.0	82.98429711094902	1315.1958559904142	0.05913609477717364	0.7266504044811519	http://www.videpi.com/videpi/pozzi/dettaglio.asp?cod=4188
MONTE_GIBERTO_001	3801.0	83.27374004562193	1312.9860797959732	0.059179176475061074	0.7250410139472216	http://www.videpi.com/videpi/pozzi/dettaglio.asp?cod=3923
TROIA_001	3438.0	83.15021035299452	1313.3462535146218	0.05922183968990761	0.7246946021799014	http://www.videpi.com/videpi/pozzi/dettaglio.asp?cod=6663
CONTRASTO_001	3419.0	83.12394733258424	1313.3648798874965	0.05923825037969758	0.7245029361329742	http://www.videpi.com/videpi/pozzi/dettaglio.asp?cod=1939
SELVA_PIANA_001	3400.0	82.90352176173863	1313.3795409798186	0.05939387430157103	0.7226117325773375	http://www.videpi.com/videpi/pozzi/dettaglio.asp?cod=6045
SOLAROLO_001	7100.0	83.59477395540131	1309.9417926226772	0.05940668870057734	0.720783097961314	http://www.videpi.com/videpi/pozzi/dettaglio.asp?cod=6194
LANCIANO_001	2880.0	82.61328229440197	1313.9058885640165	0.05953912690439433	0.7211045778257937	http://www.videpi.com/videpi/pozzi/dettaglio.asp?cod=3218
DESANA_001	3229.0	82.61987040219093	1313.5472693915704	0.05957711442360108	0.7204706481435871	http://www.videpi.com/videpi/pozzi/dettaglio.asp?cod=2343
MONTE_FORCUSO_002	1690.0	82.32454791857279	1315.1943998398726	0.0596092161913639	0.7208822357508506	http://www.videpi.com/videpi/pozzi/dettaglio.asp?cod=3921
MARTELLI_001	2869.0	82.45199636437347	1313.9140705058207	0.059654524632196566	0.7197136169091637	http://www.videpi.com/videpi/pozzi/dettaglio.asp?cod=3523
MONTESANTO_001	3350.0	82.5155526130534	1313.4221900660216	0.059667725716679894	0.7193159042939657	http://www.videpi.com/videpi/pozzi/dettaglio.asp?cod=4005
LISANZA_001	3282.0	82.29415095705158	1313.4866962310261	0.059820209634091986	0.7175135341003911	http://www.videpi.com/videpi/pozzi/dettaglio.asp?cod=3322
VARONI_001	5766.0	82.64281969064018	1311.093331179852	0.05989979834549123	0.715404901414654	http://www.videpi.com/videpi/pozzi/dettaglio.asp?cod=6789
LANCIANO_002_APP	2850.0	82.00199007327564	1313.9248209507714	0.0599803214087917	0.7158095140114098	http://www.videpi.com/videpi/pozzi/dettaglio.asp?cod=3220
CERTALDO_001	1738.0	81.79466858231126	1315.1317411812088	0.06000109300289979	0.7161438098445981	http://www.videpi.com/videpi/pozzi/dettaglio.asp?cod=1592
MONTE_CASSIANO_001	3352.0	82.02206056826077	1313.4101022199497	0.06002806244772628	0.7149921665939794	http://www.videpi.com/videpi/pozzi/dettaglio.asp?cod=3889
BOSCO_ROSSO_001	5446.0	82.21351394098845	1311.375241882204	0.06016889935964453	0.7123407190916646	http://www.videpi.com/videpi/pozzi/dettaglio.asp?cod=889
CONTRADA_ULMO_001	2814.0	81.55899550906949	1313.9534686101065	0.060302416537888974	0.7119998835516511	http://www.videpi.com/videpi/pozzi/dettaglio.asp?cod=1938
MOLTONE_001	3207.0	81.2872935430244	1313.5427546562223	0.06055379666197424	0.7088479006919163	http://www.videpi.com/videpi/pozzi/dettaglio.asp?cod=3812
CASALBORDINO_001	3149.0	81.26461317919347	1313.6016270889713	0.06056337573792562	0.7087639051953324	http://www.videpi.com/videpi/pozzi/dettaglio.asp?cod=1254
CIVITACAMPOMARANO_001	3312.0	81.2676360746189	1313.4353845647413	0.060581896665412895	0.7084678445495922	http://www.videpi.com/videpi/pozzi/dettaglio.asp?cod=1783
CASTELFRENTANO_005	2808.0	81.06943850958761	1313.9500457626307	0.06066664756237249	0.7077235391703933	http://www.videpi.com/videpi/pozzi/dettaglio.asp?cod=1345
POROTTO_001	1602.0	80.76732007141543	1315.2625635847867	0.06074918568304078	0.7073872292513167	http://www.videpi.com/videpi/pozzi/dettaglio.asp?cod=4615
SPERLINGA_002	3297.0	80.94690763714304	1313.4441549432909	0.06082072887174446	0.7056899882864429	http://www.videpi.com/videpi/pozzi/dettaglio.asp?cod=6231
SALADINO_001_DIR	554.0	21.077861187102577	1635.687905477227	0.06083368179844915	0.8683286325452854	http://www.videpi.com/videpi/pozzi/dettaglio.asp?cod=5912
PARMA_001	3295.0	80.91841922099785	1313.445614752725	0.060841948266975365	0.70544456406799	http://www.videpi.com/videpi/pozzi/dettaglio.asp?cod=4304
S.SEBASTIANO_001	3290.0	80.84757026321671	1313.4492735564186	0.060894780893592834	0.7048342547403589	http://www.videpi.com/videpi/pozzi/dettaglio.asp?cod=5827
TROITTA_001	2520.0	80.70421788626847	1314.2451888673897	0.0609060349359903	0.7050820855633957	http://www.videpi.com/videpi/pozzi/dettaglio.asp?cod=6669
S.ALESSANDRO_001_DIR_A	3499.0	80.8043280503801	1313.236798745712	0.060954663316769506	0.7040409915270642	http://www.videpi.com/videpi/pozzi/dettaglio.asp?cod=5491
MINEO_001	2278.0	80.55854545057694	1314.4997929191093	0.06098676541563211	0.7042695458902798	http://www.videpi.com/videpi/pozzi/dettaglio.asp?cod=3691
TROIA_003	3313.0	80.68244255100076	1313.4225499429822	0.061022769530572646	0.7033432736847997	http://www.videpi.com/videpi/pozzi/dettaglio.asp?cod=6665
OSIMO_001_A	545.0	20.899653884071867	1627.4458465182877	0.06103617306153496	0.8610605319461472	http://www.videpi.com/videpi/pozzi/dettaglio.asp?cod=4213
TAMERICI_001_DIR	3227.0	80.20140679341063	1313.5005248480445	0.06137865522299876	0.6993018972181951	http://www.videpi.com/videpi/pozzi/dettaglio.asp?cod=6315
CERTALDO_003	1668.0	79.9431865791624	1315.174608057354	0.06138359629274797	0.700034777073727	http://www.videpi.com/videpi/pozzi/dettaglio.asp?cod=1594
MORRO_D'ORO_001	4332.0	80.33455553841844	1312.3818059223001	0.06142546039919804	0.6982423161970187	http://www.videpi.com/videpi/pozzi/dettaglio.asp?cod=4070
PIADENA_008	3286.0	80.14604692111197	1313.4392348609658	0.06142889511891661	0.6987011086790557	http://www.videpi.com/videpi/pozzi/dettaglio.asp?cod=4373
PETACCIATO_TERMOLI_001	3986.0	80.26021402915106	1312.740861460647	0.06143484426605531	0.6983046660087154	http://www.videpi.com/videpi/pozzi/dettaglio.asp?cod=4361
FRANCIACORTA_001_DIR	3329.0	80.13615711666242	1313.3952852631603	0.06144214434326111	0.6985297516725152	http://www.videpi.com/videpi/pozzi/dettaglio.asp?cod=2693
CAMURANA_002	3505.0	80.16498601018304	1313.2177647927917	0.06144323469270155	0.6984337864898222	http://www.videpi.com/videpi/pozzi/dettaglio.asp?cod=1111
LANCIANO_002	2750.0	80.00330045881941	1313.9896964565337	0.061469599012062816	0.6984975077321827	http://www.videpi.com/videpi/pozzi/dettaglio.asp?cod=3219
CERTALDO_SUD_001_DIR	1695.0	79.62466562970951	1315.1390378443548	0.061632532080552076	0.6971906084736579	http://www.videpi.com/videpi/pozzi/dettaglio.asp?cod=1596
ATRI_001	3750.0	79.95047779191636	1312.9680177039818	0.061641612117946255	0.6960688772319259	http://www.videpi.com/videpi/pozzi/dettaglio.asp?cod=430
CASTELSARACENO_001	5530.0	80.2258439799763	1311.2547500061285	0.06168231432037844	0.6948065256066592	http://www.videpi.com/videpi/pozzi/dettaglio.asp?cod=1368
CIGNO_016	560.0	20.259019319635417	1596.7488328224472	0.061790836075361386	0.8345117037341948	http://www.videpi.com/videpi/pozzi/dettaglio.asp?cod=1734
CERCEMAGGIORE_002	3233.0	79.65998952422518	1313.4835725125438	0.06179785462985095	0.6945503193053729	http://www.videpi.com/videpi/pozzi/dettaglio.asp?cod=1557
MONTE_TABURNO_001	3733.0	79.73697755770701	1312.9805785054189	0.06180497597333734	0.6942348950988363	http://www.videpi.com/videpi/pozzi/dettaglio.asp?cod=3945
CAVALLETTO_001	3230.0	79.60023485276588	1313.4854455456446	0.06184398769119144	0.6940330895379231	http://www.videpi.com/videpi/pozzi/dettaglio.asp?cod=1407
S.MARIA_001	2708.0	79.5024891022578	1314.0239571232541	0.06185231184828136	0.6941915618807272	http://www.videpi.com/videpi/pozzi/dettaglio.asp?cod=5650
CIGNO_019	562.0	20.20783231893461	1594.2591806590826	0.06185283661080105	0.8323836816964498	http://www.videpi.com/videpi/pozzi/dettaglio.asp?cod=1737
S.SILVESTRO_001	3003.0	79.3679959998622	1313.7141597566697	0.061995567879280136	0.6924428892648546	http://www.videpi.com/videpi/pozzi/dettaglio.asp?cod=5830
DESANA_003	2835.0	79.32977946807195	1313.8878087923135	0.062003639114615525	0.6924337749787076	http://www.videpi.com/videpi/pozzi/dettaglio.asp?cod=2345
FIUME_CRATI_003	3714.0	79.277717279911	1312.9901428081039	0.062161771018048304	0.6902545876868262	http://www.videpi.com/videpi/pozzi/dettaglio.asp?cod=2591
BIGNARDI_001_DIR_BIS	3386.0	79.11356445661707	1313.3168658441805	0.06224651185084472	0.6894667063803362	http://www.videpi.com/videpi/pozzi/dettaglio.asp?cod=784
PESCARA_003	3203.0	79.05983448466542	1313.5023074326023	0.062264379157814485	0.6893550083010611	http://www.videpi.com/videpi/pozzi/dettaglio.asp?cod=4353
NOTO_002	3200.0	79.01440535907778	1313.5044773941888	0.06229988376540495	0.6889631535048588	http://www.videpi.com/videpi/pozzi/dettaglio.asp?cod=4144
VALLECUPA_024	562.0	19.805490609171883	1574.7864494593116	0.06234766074818643	0.8157944756473283	http://www.videpi.com/videpi/pozzi/dettaglio.asp?cod=6738
S.CROCE_001	3195.0	78.89999168743672	1313.5073286888316	0.062389825237288095	0.6879712629208318	http://www.videpi.com/videpi/pozzi/dettaglio.asp?cod=5561
TORRENTE_SALANDRELLA_001	3148.0	78.5876613841388	1313.5493621655187	0.06263219591436325	0.6853284026800628	http://www.videpi.com/videpi/pozzi/dettaglio.asp?cod=6440
CAMPOMAGGIORE_001	2782.0	78.51887631610977	1313.9274232763412	0.06263856791614579	0.6854332951152035	http://www.videpi.com/videpi/pozzi/dettaglio.asp?cod=1103
BIGNARDI_001	3336.0	78.58062242436483	1313.3570096235321	0.06266324824984097	0.6848999992565019	http://www.videpi.com/videpi/pozzi/dettaglio.asp?cod=783
RIO_ZOLA_001	3334.0	78.36063822042645	1313.3546596542808	0.06283945883997834	0.682978362607952	http://www.videpi.com/videpi/pozzi/dettaglio.asp?cod=5186
MAGLIANO_001	3164.0	78.25611807984583	1313.5263886410398	0.06290049175827743	0.6823946365924434	http://www.videpi.com/videpi/pozzi/dettaglio.asp?cod=3427
FOSSALTO_001	3228.0	78.21518998089343	1313.4599712548484	0.06294220282721512	0.6819118974055822	http://www.videpi.com/videpi/pozzi/dettaglio.asp?cod=2683
LEONFORTE_001	3154.0	78.12460069500491	1313.5340674156637	0.06300533608352409	0.6812626201270704	http://www.videpi.com/videpi/pozzi/dettaglio.asp?cod=3279
LOREDANA_001	4213.0	78.19523511860397	1312.4525523045409	0.06309690143000221	0.6797782521932397	http://www.videpi.com/videpi/pozzi/dettaglio.asp?cod=3340
VITRAVO_001	3182.0	77.93842228834987	1313.5016491708607	0.06316011062659635	0.6795783310660594	http://www.videpi.com/videpi/pozzi/dettaglio.asp?cod=6928
CERCEMAGGIORE_001	3137.0	77.7400369194453	1313.5439827875896	0.06331560931237805	0.6779286756585673	http://www.videpi.com/videpi/pozzi/dettaglio.asp?cod=1556
BORECA_001	3134.0	77.6790710487549	1313.5458727905373	0.06336503781023226	0.677400713805023	http://www.videpi.com/videpi/pozzi/dettaglio.asp?cod=874
CERCEPICCOLA_001	3122.0	77.44000007552819	1313.5535398358716	0.06355958378798929	0.6753307852968037	http://www.videpi.com/videpi/pozzi/dettaglio.asp?cod=1558
LUCERA_002	3117.0	77.3738886328239	1313.5573959796025	0.0636133627474895	0.6747616118418758	http://www.videpi.com/videpi/pozzi/dettaglio.asp?cod=3349
BENEVENTO_001	3112.0	77.27137646184603	1313.560543071094	0.0636973135912872	0.6738737287406709	http://www.videpi.com/videpi/pozzi/dettaglio.asp?cod=757
PALAZZETTO_001	3109.0	77.17951502471058	1313.5618401312154	0.06377293612366537	0.6730752314489765	http://www.videpi.com/videpi/pozzi/dettaglio.asp?cod=4230
